7zip	25.01-5.fc44	x86_64
7zip-standalone	25.01-5.fc44	x86_64
CharLS	2.4.3-2.fc44	x86_64
ImageMagick	7.1.2.13-2.fc44	x86_64
ImageMagick-libs	7.1.2.13-2.fc44	x86_64
LibRaw	0.22.1-1.fc44	x86_64
ModemManager	1.24.2-3.fc44	x86_64
ModemManager-glib	1.24.2-3.fc44	x86_64
NetworkManager	1.56.1-1.fc44	x86_64
NetworkManager-adsl	1.56.1-1.fc44	x86_64
NetworkManager-bluetooth	1.56.1-1.fc44	x86_64
NetworkManager-config-connectivity-fedora	1.56.1-1.fc44	noarch
NetworkManager-l2tp	1.52.2-1.fc44	x86_64
NetworkManager-libnm	1.56.1-1.fc44	x86_64
NetworkManager-libreswan	1.2.30-3.fc44	x86_64
NetworkManager-libreswan-gnome	1.2.30-3.fc44	x86_64
NetworkManager-openconnect	1.2.10-11.fc44	x86_64
NetworkManager-openvpn	1.12.5-4.fc44	x86_64
NetworkManager-ppp	1.56.1-1.fc44	x86_64
NetworkManager-pptp	1.2.12-12.fc44	x86_64
NetworkManager-team	1.56.1-1.fc44	x86_64
NetworkManager-vpnc	1.4.0-6.fc44	x86_64
NetworkManager-wifi	1.56.1-1.fc44	x86_64
NetworkManager-wwan	1.56.1-1.fc44	x86_64
OpenCL-ICD-Loader	3.0.6-7.20250722gitad770a1.fc44	x86_64
PackageKit	1.3.4-3.fc44	x86_64
PackageKit-Qt6	1.1.4-4.fc44	x86_64
PackageKit-command-not-found	1.3.4-3.fc44	x86_64
PackageKit-glib	1.3.4-3.fc44	x86_64
PackageKit-gstreamer-plugin	1.3.4-3.fc44	x86_64
R-srpm-macros	1.3.7-2.fc44	noarch
SDL3	3.4.10-1.fc44	i686
SDL3	3.4.10-1.fc44	x86_64
SDL3_image	3.4.4-1.fc44	x86_64
SDL3_ttf	3.2.2-4.fc44	x86_64
SDL_image	1.2.12-42.fc44	x86_64
aajohan-comfortaa-fonts	3.105-0.9.20210729git2a87ac6.fc44	noarch
aalib-libs	1.4.0-0.58.rc5.fc44	x86_64
aardvark-dns	1.17.1-1.fc44	x86_64
abattis-cantarell-fonts	0.301-17.fc44	noarch
abattis-cantarell-vf-fonts	0.301-17.fc44	noarch
abrt	2.17.8-3.fc44	x86_64
abrt-addon-ccpp	2.17.8-3.fc44	x86_64
abrt-addon-kerneloops	2.17.8-3.fc44	x86_64
abrt-addon-pstoreoops	2.17.8-3.fc44	x86_64
abrt-addon-vmcore	2.17.8-3.fc44	x86_64
abrt-addon-xorg	2.17.8-3.fc44	x86_64
abrt-cli	2.17.8-3.fc44	x86_64
abrt-dbus	2.17.8-3.fc44	x86_64
abrt-desktop	2.17.8-3.fc44	x86_64
abrt-gui	2.17.8-3.fc44	x86_64
abrt-gui-libs	2.17.8-3.fc44	x86_64
abrt-libs	2.17.8-3.fc44	x86_64
abrt-plugin-bodhi	2.17.8-3.fc44	x86_64
abrt-tui	2.17.8-3.fc44	noarch
abseil-cpp	20260107.1-1.fc44	i686
abseil-cpp	20260107.1-1.fc44	x86_64
accessibility-inspector	26.04.2-1.fc44	x86_64
accounts-qml-module-qt6	0.7^20231216.05e79eb-8.fc44	x86_64
accountsservice	23.13.9-16.fc44	x86_64
accountsservice-libs	23.13.9-16.fc44	x86_64
acl	2.3.2-6.fc44	x86_64
add-determinism	0.7.3-2.fc44	x86_64
adobe-mappings-cmap	20231115-5.fc44	noarch
adobe-mappings-cmap-deprecated	20231115-5.fc44	noarch
adobe-mappings-pdf	20190401-12.fc44	noarch
adoptium-temurin-java-repository	1-20.fc44	noarch
advancecomp	2.6-16.fc44	x86_64
adwaita-cursor-theme	50.0-1.fc44	noarch
adwaita-icon-theme	50.0-1.fc44	noarch
adwaita-icon-theme-legacy	46.2-7.fc44	noarch
adwaita-mono-fonts	50.0-1.fc44	noarch
adwaita-sans-fonts	50.0-1.fc44	noarch
aha	0.5.1-16.fc44	x86_64
akmod-nvidia	595.71.05-1.fc44	x86_64
akmods	0.6.2-9.fc44	noarch
alsa-lib	1.2.16-2.fc44	i686
alsa-lib	1.2.16-2.fc44	x86_64
alsa-sof-firmware	2025.12.2-1.fc44	noarch
alsa-ucm	1.2.16-2.fc44	noarch
alsa-utils	1.2.16-1.fc44	x86_64
alternatives	1.33-5.fc44	x86_64
amd-gpu-firmware	20260519-1.fc44	noarch
amd-ucode-firmware	20260519-1.fc44	noarch
anaconda-core	44.30-2.fc44	x86_64
anaconda-install-env-deps	44.30-2.fc44	x86_64
anaconda-live	44.30-2.fc44	noarch
anaconda-tui	44.30-2.fc44	x86_64
anaconda-webui	68-1.fc44	noarch
android-tools	35.0.2-17.fc44	x86_64
annobin-docs	13.14-1.fc44	noarch
annobin-plugin-gcc	13.14-1.fc44	x86_64
ansible-srpm-macros	1-20.1.fc44	noarch
anthy-unicode	1.0.0.20260213-1.fc44	x86_64
antiword	0.37-44.fc44	x86_64
appstream	1.1.0-3.fc44	x86_64
appstream-data	44-4.fc44	noarch
appstream-qt	1.1.0-3.fc44	x86_64
apr	1.7.6-5.fc44	x86_64
apr-util	1.6.3-27.fc44	x86_64
apr-util-lmdb	1.6.3-27.fc44	x86_64
apr-util-openssl	1.6.3-27.fc44	x86_64
aribb24	1.0.3^20160216git5e9be27-5.fc44	x86_64
aribb25	0.2.7-8.fc44	x86_64
ark	26.04.2-1.fc44	x86_64
ark-libs	26.04.2-1.fc44	x86_64
armadillo	12.8.1-9.fc44	x86_64
arpack	3.9.1-9.fc44	x86_64
assimp	6.0.5-2.fc44	x86_64
at	3.2.5-21.fc44	x86_64
at-spi2-atk	2.60.4-1.fc44	i686
at-spi2-atk	2.60.4-1.fc44	x86_64
at-spi2-core	2.60.4-1.fc44	i686
at-spi2-core	2.60.4-1.fc44	x86_64
atheros-firmware	20260519-1.fc44	noarch
atk	2.60.4-1.fc44	i686
atk	2.60.4-1.fc44	x86_64
atkmm	2.28.5-1.fc44	x86_64
attr	2.5.2-8.fc44	x86_64
audiocd-kio	26.04.2-1.fc44	x86_64
audiocd-kio-doc	26.04.2-1.fc44	noarch
audit	4.1.4-1.fc44	x86_64
audit-libs	4.1.4-1.fc44	i686
audit-libs	4.1.4-1.fc44	x86_64
audit-rules	4.1.4-1.fc44	x86_64
augeas-libs	1.14.2-0.11.20260408gitada6219.fc44	x86_64
aurorae	6.6.5-1.fc44	x86_64
authselect	1.7.1-1.fc44	x86_64
authselect-libs	1.7.1-1.fc44	x86_64
autoconf	2.72-10.fc44	noarch
automake	1.18.1-4.fc44	noarch
avahi	0.9~rc2-8.fc44	x86_64
avahi-glib	0.9~rc2-8.fc44	i686
avahi-glib	0.9~rc2-8.fc44	x86_64
avahi-gobject	0.9~rc2-8.fc44	x86_64
avahi-libs	0.9~rc2-8.fc44	i686
avahi-libs	0.9~rc2-8.fc44	x86_64
avahi-tools	0.9~rc2-8.fc44	x86_64
b43-fwcutter	020-1.fc44	x86_64
b43-openfwwf	5.2-48.fc44	noarch
baloo-widgets	26.04.2-1.fc44	x86_64
bash	5.3.9-3.fc44	x86_64
bash-color-prompt	0.7.1-3.fc44	noarch
bash-completion	2.17-2.fc44	noarch
bat	0.26.1-1.fc44	x86_64
bc	1.08.2-4.fc44	x86_64
biber	2.21-4.fc44	noarch
bind	9.18.49-1.fc44	x86_64
bind-dnssec-utils	9.18.49-1.fc44	x86_64
bind-libs	9.18.49-1.fc44	x86_64
bind-utils	9.18.49-1.fc44	x86_64
binutils	2.46-3.fc44	x86_64
bison	3.8.2-15.fc44	x86_64
blivet-data	3.13.2-2.fc44	noarch
blosc	1.21.6-10.fc44	x86_64
bluedevil	6.6.5-1.fc44	x86_64
blueman	2.4.6-6.fc44	x86_64
bluez	5.86-4.fc44	x86_64
bluez-cups	5.86-4.fc44	x86_64
bluez-libs	5.86-4.fc44	i686
bluez-libs	5.86-4.fc44	x86_64
bluez-obexd	5.86-4.fc44	x86_64
bluez-tools	0.2.0-0.30.git20170912.7cb788c.fc44	x86_64
bolt	0.9.11-1.fc44	x86_64
boost	1.90.0-7.fc44	x86_64
boost-atomic	1.90.0-7.fc44	x86_64
boost-charconv	1.90.0-7.fc44	x86_64
boost-chrono	1.90.0-7.fc44	x86_64
boost-cobalt	1.90.0-7.fc44	x86_64
boost-container	1.90.0-7.fc44	x86_64
boost-context	1.90.0-7.fc44	x86_64
boost-contract	1.90.0-7.fc44	x86_64
boost-coroutine	1.90.0-7.fc44	x86_64
boost-date-time	1.90.0-7.fc44	x86_64
boost-fiber	1.90.0-7.fc44	x86_64
boost-filesystem	1.90.0-7.fc44	x86_64
boost-graph	1.90.0-7.fc44	x86_64
boost-iostreams	1.90.0-7.fc44	x86_64
boost-json	1.90.0-7.fc44	x86_64
boost-locale	1.90.0-7.fc44	x86_64
boost-log	1.90.0-7.fc44	x86_64
boost-math	1.90.0-7.fc44	x86_64
boost-nowide	1.90.0-7.fc44	x86_64
boost-process	1.90.0-7.fc44	x86_64
boost-program-options	1.90.0-7.fc44	x86_64
boost-python3	1.90.0-7.fc44	x86_64
boost-random	1.90.0-7.fc44	x86_64
boost-regex	1.90.0-7.fc44	x86_64
boost-serialization	1.90.0-7.fc44	x86_64
boost-stacktrace	1.90.0-7.fc44	x86_64
boost-test	1.90.0-7.fc44	x86_64
boost-thread	1.90.0-7.fc44	x86_64
boost-timer	1.90.0-7.fc44	x86_64
boost-type_erasure	1.90.0-7.fc44	x86_64
boost-url	1.90.0-7.fc44	x86_64
boost-wave	1.90.0-7.fc44	x86_64
braille-printer-app	2.0~b0^386eea385f-11.fc44	x86_64
brcmfmac-firmware	20260519-1.fc44	noarch
breeze-cursor-theme	6.6.5-1.fc44	noarch
breeze-gtk-common	6.6.5-1.fc44	noarch
breeze-gtk-gtk2	6.6.5-1.fc44	noarch
breeze-gtk-gtk3	6.6.5-1.fc44	noarch
breeze-gtk-gtk4	6.6.5-1.fc44	noarch
breeze-icon-theme	6.26.0-1.fc44	noarch
breeze-icon-theme-fedora	6.26.0-1.fc44	noarch
brightnessctl	0.5.1-16.fc44	x86_64
brlapi	0.8.7-8.fc44	x86_64
brltty	6.8-8.fc44	x86_64
btop	1.4.7-1.fc44	x86_64
btrfs-progs	7.0-1.fc44	x86_64
bubblewrap	0.11.0-4.fc44	x86_64
build-reproducibility-srpm-macros	0.7.3-2.fc44	noarch
byacc	2.0.20241231-3.fc44	x86_64
bzip2	1.0.8-23.fc44	x86_64
bzip2-libs	1.0.8-23.fc44	i686
bzip2-libs	1.0.8-23.fc44	x86_64
c-ares	1.34.6-3.fc44	x86_64
ca-certificates	2025.2.80_v9.0.304-7.fc44	noarch
cabextract	1.11-10.fc44	x86_64
cairo	1.18.4-6.fc44	i686
cairo	1.18.4-6.fc44	x86_64
cairo-gobject	1.18.4-6.fc44	i686
cairo-gobject	1.18.4-6.fc44	x86_64
cairomm	1.14.5-15.fc44	x86_64
cairomm1.16	1.18.0-16.fc44	x86_64
calibre	9.8.0-2.fc44	x86_64
capstone	5.0.6-4.fc44	x86_64
catatonit	0.2.1-5.fc44	x86_64
catdoc	0.95-30.fc44	x86_64
catdoc-wordview	0.95-30.fc44	x86_64
ccache	4.12.3-1.fc44	x86_64
cdparanoia-libs	10.2-50.fc44	i686
cdparanoia-libs	10.2-50.fc44	x86_64
cfitsio	4.6.3-2.fc44	x86_64
checkpolicy	3.10-1.fc44	x86_64
chmlib	0.40-48.fc44	x86_64
chrony	4.8-5.fc44	x86_64
cifs-utils	7.5-1.fc44	x86_64
cifs-utils-info	7.5-1.fc44	x86_64
cirrus-audio-firmware	20260519-1.fc44	noarch
cjson	1.7.18-5.fc44	x86_64
clang-libs	22.1.6-1.fc44	x86_64
clang-resource-filesystem	22.1.6-1.fc44	x86_64
cldr-emoji-annotation	48.2-1.fc44	noarch
cldr-emoji-annotation-dtd	48.2-1.fc44	noarch
clevis	21-14.fc44	x86_64
clevis-luks	21-14.fc44	x86_64
clevis-pin-tpm2	0.5.4-1.fc44	x86_64
clinfo	3.0.25.02.14-3.fc44	x86_64
cmake-filesystem	4.3.0-1.fc44	x86_64
cmake-rpm-macros	4.3.0-1.fc44	noarch
cmake-srpm-macros	4.3.0-1.fc44	noarch
cockpit-bridge	362-1.fc44	noarch
cockpit-networkmanager	362-1.fc44	noarch
cockpit-storaged	362-1.fc44	noarch
cockpit-system	362-1.fc44	noarch
cockpit-ws	362-1.fc44	x86_64
cockpit-ws-selinux	362-1.fc44	x86_64
codec2	1.2.0-9.fc44	x86_64
color-filesystem	1-38.fc44	noarch
colord	1.4.8-4.fc44	x86_64
colord-kde	26.04.2-1.fc44	x86_64
colord-libs	1.4.8-4.fc44	i686
colord-libs	1.4.8-4.fc44	x86_64
compat-lua-libs	5.1.5-31.fc44	x86_64
compiler-rt	22.1.6-1.fc44	x86_64
composefs	1.0.8-5.fc44	x86_64
composefs-libs	1.0.8-5.fc44	x86_64
compsize	1.5^git20250123.d79eacf-15.fc44	x86_64
conmon	2.2.1-2.fc44	x86_64
container-selinux	2.249.0-1.fc44	noarch
containerd.io	2.2.4-1.fc44	x86_64
containers-common	0.67.0-1.fc44	noarch
containers-common-extra	0.67.0-1.fc44	noarch
coreutils	9.10-3.fc44	x86_64
coreutils-common	9.10-3.fc44	x86_64
corosynclib	3.1.10-5.fc44	x86_64
cpio	2.15-9.fc44	x86_64
cpp	16.1.1-2.fc44	x86_64
cpuinfo	24.09.26-2.git1e83a2f.fc44.5	x86_64
cracklib	2.10.3-1.fc44	x86_64
cracklib-dicts	2.10.3-1.fc44	x86_64
criu	4.2-13.fc44	x86_64
criu-libs	4.2-13.fc44	x86_64
cronie	1.7.2-16.fc44	x86_64
cronie-anacron	1.7.2-16.fc44	x86_64
crontabs	1.11^20190603git9e74f2d-10.fc44	noarch
crun	1.28-1.fc44	x86_64
cryfs	0.11.3-15.fc44	x86_64
crypto-policies	20251128-3.git19878fe.fc44	noarch
crypto-policies-scripts	20251128-3.git19878fe.fc44	noarch
cryptsetup	2.8.4-1.fc44	x86_64
cryptsetup-libs	2.8.4-1.fc44	x86_64
cscope	15.9-31.fc44	x86_64
ctags	6.2.1-3.fc44	x86_64
cups	2.4.19-3.fc44	x86_64
cups-browsed	2.1.1-7.fc44	x86_64
cups-client	2.4.19-3.fc44	x86_64
cups-filesystem	2.4.19-3.fc44	noarch
cups-filters	2.0.1-14.fc44	x86_64
cups-filters-driverless	2.0.1-14.fc44	x86_64
cups-ipptool	2.4.19-3.fc44	x86_64
cups-libs	2.4.19-3.fc44	i686
cups-libs	2.4.19-3.fc44	x86_64
cups-pk-helper	0.2.7-12.fc44	x86_64
curl	8.18.0-6.fc44	x86_64
cxl-libs	84-1.fc44	x86_64
cyrus-sasl-gssapi	2.1.28-35.fc44	x86_64
cyrus-sasl-lib	2.1.28-35.fc44	i686
cyrus-sasl-lib	2.1.28-35.fc44	x86_64
cyrus-sasl-plain	2.1.28-35.fc44	x86_64
daala-libs	0^20250205git24f889a-1.fc44	x86_64
daxctl-libs	84-1.fc44	x86_64
dbus	1.16.2-1.fc44	x86_64
dbus-broker	37-8.fc44	x86_64
dbus-common	1.16.2-1.fc44	noarch
dbus-daemon	1.16.2-1.fc44	x86_64
dbus-libs	1.16.2-1.fc44	i686
dbus-libs	1.16.2-1.fc44	x86_64
dbus-tools	1.16.2-1.fc44	x86_64
dbus-x11	1.16.2-1.fc44	x86_64
dbusmenu-qt5	0.9.3-0.40.20160218.fc44	x86_64
dconf	0.49.0-5.fc44	i686
dconf	0.49.0-5.fc44	x86_64
ddcutil	2.2.1-3.fc44	x86_64
debugedit	5.3-2.fc44	x86_64
default-editor	8.7.1-2.fc44	noarch
default-fonts-am	4.3-1.fc44	noarch
default-fonts-ar	4.3-1.fc44	noarch
default-fonts-as	4.3-1.fc44	noarch
default-fonts-ast	4.3-1.fc44	noarch
default-fonts-be	4.3-1.fc44	noarch
default-fonts-bg	4.3-1.fc44	noarch
default-fonts-bn	4.3-1.fc44	noarch
default-fonts-bo	4.3-1.fc44	noarch
default-fonts-br	4.3-1.fc44	noarch
default-fonts-chr	4.3-1.fc44	noarch
default-fonts-cjk-mono	4.3-1.fc44	noarch
default-fonts-cjk-sans	4.3-1.fc44	noarch
default-fonts-cjk-serif	4.3-1.fc44	noarch
default-fonts-core-emoji	4.3-1.fc44	noarch
default-fonts-core-math	4.3-1.fc44	noarch
default-fonts-core-mono	4.3-1.fc44	noarch
default-fonts-core-sans	4.3-1.fc44	noarch
default-fonts-core-serif	4.3-1.fc44	noarch
default-fonts-dv	4.3-1.fc44	noarch
default-fonts-dz	4.3-1.fc44	noarch
default-fonts-el	4.3-1.fc44	noarch
default-fonts-eo	4.3-1.fc44	noarch
default-fonts-eu	4.3-1.fc44	noarch
default-fonts-fa	4.3-1.fc44	noarch
default-fonts-got	4.3-1.fc44	noarch
default-fonts-gu	4.3-1.fc44	noarch
default-fonts-he	4.3-1.fc44	noarch
default-fonts-hi	4.3-1.fc44	noarch
default-fonts-hy	4.3-1.fc44	noarch
default-fonts-ia	4.3-1.fc44	noarch
default-fonts-ii	4.3-1.fc44	noarch
default-fonts-iu	4.3-1.fc44	noarch
default-fonts-ka	4.3-1.fc44	noarch
default-fonts-kab	4.3-1.fc44	noarch
default-fonts-km	4.3-1.fc44	noarch
default-fonts-kn	4.3-1.fc44	noarch
default-fonts-ku	4.3-1.fc44	noarch
default-fonts-lo	4.3-1.fc44	noarch
default-fonts-mai	4.3-1.fc44	noarch
default-fonts-ml	4.3-1.fc44	noarch
default-fonts-mni	4.3-1.fc44	noarch
default-fonts-mr	4.3-1.fc44	noarch
default-fonts-my	4.3-1.fc44	noarch
default-fonts-nb	4.3-1.fc44	noarch
default-fonts-ne	4.3-1.fc44	noarch
default-fonts-nn	4.3-1.fc44	noarch
default-fonts-nqo	4.3-1.fc44	noarch
default-fonts-nr	4.3-1.fc44	noarch
default-fonts-nso	4.3-1.fc44	noarch
default-fonts-or	4.3-1.fc44	noarch
default-fonts-other-mono	4.3-1.fc44	noarch
default-fonts-other-sans	4.3-1.fc44	noarch
default-fonts-other-serif	4.3-1.fc44	noarch
default-fonts-pa	4.3-1.fc44	noarch
default-fonts-ru	4.3-1.fc44	noarch
default-fonts-sat	4.3-1.fc44	noarch
default-fonts-si	4.3-1.fc44	noarch
default-fonts-ss	4.3-1.fc44	noarch
default-fonts-syr	4.3-1.fc44	noarch
default-fonts-ta	4.3-1.fc44	noarch
default-fonts-te	4.3-1.fc44	noarch
default-fonts-th	4.3-1.fc44	noarch
default-fonts-tn	4.3-1.fc44	noarch
default-fonts-ts	4.3-1.fc44	noarch
default-fonts-uk	4.3-1.fc44	noarch
default-fonts-ur	4.3-1.fc44	noarch
default-fonts-ve	4.3-1.fc44	noarch
default-fonts-vi	4.3-1.fc44	noarch
default-fonts-xh	4.3-1.fc44	noarch
default-fonts-yi	4.3-1.fc44	noarch
default-fonts-zu	4.3-1.fc44	noarch
dejavu-sans-fonts	2.37-29.fc44	noarch
dejavu-sans-mono-fonts	2.37-29.fc44	noarch
dejavu-serif-fonts	2.37-29.fc44	noarch
deltarpm	3.6.5-8.fc44	x86_64
desktop-backgrounds-compat	44.0.0-2.fc44	noarch
desktop-backgrounds-kde	44.0.0-2.fc44	noarch
desktop-file-utils	0.28-5.fc44	x86_64
device-mapper	1.02.212-2.fc44	x86_64
device-mapper-event	1.02.212-2.fc44	x86_64
device-mapper-event-libs	1.02.212-2.fc44	x86_64
device-mapper-libs	1.02.212-2.fc44	x86_64
device-mapper-persistent-data	1.3.2-1.fc44	x86_64
dhcp-client	4.4.3-26.fc44	x86_64
dhcp-common	4.4.3-26.fc44	noarch
diffstat	1.68-7.fc44	x86_64
diffutils	3.12-5.fc44	x86_64
distribution-gpg-keys	1.119-1.fc44	noarch
djvulibre-libs	3.5.30-1.fc44	x86_64
dkms	3.4.1-1.fc44	noarch
dlm-lib	4.3.0-8.fc44	x86_64
dmidecode	3.6-9.fc44	x86_64
dnf-data	4.24.0-3.fc44	noarch
dnf-plugins-core	4.10.1-9.fc44	noarch
dnf5	5.4.2.1-1.fc44	x86_64
dnf5-plugins	5.4.2.1-1.fc44	x86_64
dns-root-data	2026260100-2.fc44	noarch
dnsmasq	2.92rel2-9.fc44	x86_64
docbook-dtds	1.0-91.fc44	noarch
docbook-style-xsl	1.79.2-27.fc44	noarch
docker-buildx-plugin	0.34.1-1.fc44	x86_64
docker-ce	29.5.3-1.fc44	x86_64
docker-ce-cli	29.5.3-1.fc44	x86_64
docker-ce-rootless-extras	29.5.3-1.fc44	x86_64
docker-compose-plugin	5.1.4-1.fc44	x86_64
dolphin	26.04.2-1.fc44	x86_64
dolphin-libs	26.04.2-1.fc44	x86_64
dolphin-plugins	26.04.2-1.fc44	x86_64
dos2unix	7.5.5-1.fc44	x86_64
dosfstools	4.2-18.fc44	x86_64
dotconf	1.4.1-7.fc44	x86_64
double-conversion	3.4.0-3.fc44	x86_64
doxygen	1.16.1-3.fc44	x86_64
dracut	108-7.fc44	x86_64
dracut-config-rescue	108-7.fc44	x86_64
dracut-live	108-7.fc44	x86_64
dracut-network	108-7.fc44	x86_64
dracut-squash	108-7.fc44	x86_64
duktape	2.7.0-11.fc44	i686
duktape	2.7.0-11.fc44	x86_64
dunst	1.13.2-1.fc44	x86_64
dwz	0.16-3.fc44	x86_64
dyninst	13.0.0-9.fc44	x86_64
e2fsprogs	1.47.3-4.fc44	x86_64
e2fsprogs-libs	1.47.3-4.fc44	x86_64
ebook-tools-libs	0.2.2-31.fc44	x86_64
ed	1.22.5-2.fc44	x86_64
editorconfig-libs	0.12.11-1.fc44	x86_64
efi-filesystem	6-6.fc44	noarch
efi-srpm-macros	6-6.fc44	noarch
efibootmgr	18-11.fc44	x86_64
efivar-libs	39-12.fc44	x86_64
egl-gbm	1.1.3-2.fc44	i686
egl-gbm	1.1.3-2.fc44	x86_64
egl-utils	9.0.0-11.fc44	x86_64
egl-wayland	1.1.21-2.fc44	i686
egl-wayland	1.1.21-2.fc44	x86_64
egl-wayland2	1.0.1-1.fc44	i686
egl-wayland2	1.0.1-1.fc44	x86_64
egl-x11	1.0.5-1.fc44	i686
egl-x11	1.0.5-1.fc44	x86_64
elfutils	0.195-1.fc44	x86_64
elfutils-debuginfod-client	0.195-1.fc44	i686
elfutils-debuginfod-client	0.195-1.fc44	x86_64
elfutils-debuginfod-client-devel	0.195-1.fc44	x86_64
elfutils-default-yama-scope	0.195-1.fc44	noarch
elfutils-devel	0.195-1.fc44	x86_64
elfutils-libelf	0.195-1.fc44	i686
elfutils-libelf	0.195-1.fc44	x86_64
elfutils-libelf-devel	0.195-1.fc44	x86_64
elfutils-libs	0.195-1.fc44	i686
elfutils-libs	0.195-1.fc44	x86_64
emacs-filesystem	30.2-2.fc44	x86_64
enchant2	2.8.16-1.fc44	x86_64
erlang-srpm-macros	0.3.11-1.fc44	noarch
espeak-ng	1.52.0-3.fc44	x86_64
ethtool	7.0-1.fc44	x86_64
evtest	1.36-2.fc44	x86_64
exempi	2.6.4-9.fc44	x86_64
exfatprogs	1.4.1-1.fc44	x86_64
exiv2	0.28.6-3.fc44	x86_64
exiv2-libs	0.28.6-3.fc44	x86_64
expat	2.8.1-1.fc44	i686
expat	2.8.1-1.fc44	x86_64
f2fs-tools	1.16.0-10.fc44	x86_64
f43-backgrounds-base	43.0.4-1.fc44	noarch
f43-backgrounds-kde	43.0.4-1.fc44	noarch
f44-backgrounds-base	44.0.0-1.fc44	noarch
f44-backgrounds-kde	44.0.0-1.fc44	noarch
faad2-libs	2.11.2-6.fc44	x86_64
fakeroot	1.37.1-4.fc44	x86_64
fakeroot-libs	1.37.1-4.fc44	x86_64
fastfetch	2.63.1-1.fc44	x86_64
fatresize	1.1.0-20.20221116gitab78c48.fc44	x86_64
fd-find	10.4.2-1.fc44	x86_64
fdk-aac-free	2.0.3-2.fc44	i686
fdk-aac-free	2.0.3-2.fc44	x86_64
fedora-appstream-metadata	20260515-1.fc44	noarch
fedora-bookmarks	28-36.fc44	noarch
fedora-flathub-remote	1-12.fc44	noarch
fedora-gpg-keys	44-1	noarch
fedora-logos	42.0.1-3.fc44	noarch
fedora-logos-httpd	42.0.1-3.fc44	noarch
fedora-release-common	44-18	noarch
fedora-release-identity-kde-desktop	44-18	noarch
fedora-release-kde-desktop	44-18	noarch
fedora-repos	44-1	noarch
fedora-third-party	0.10-16.fc44	noarch
fedora-workstation-repositories	38-9.fc44	x86_64
ffmpeg	8.1.1-1.fc44	x86_64
ffmpeg-libs	8.1.1-1.fc44	x86_64
ffmpegthumbs	26.04.2-1.fc44	x86_64
fftw-libs-double	3.3.10-17.fc44	x86_64
fftw-libs-single	3.3.10-17.fc44	i686
fftw-libs-single	3.3.10-17.fc44	x86_64
file	5.46-10.fc44	x86_64
file-libs	5.46-10.fc44	x86_64
filelight	26.04.2-1.fc44	x86_64
filesystem	3.18-52.fc44	x86_64
filesystem-srpm-macros	3.18-52.fc44	noarch
findutils	4.10.0-7.fc44	x86_64
firewall-config	2.4.0-2.fc44	noarch
firewalld	2.4.0-2.fc44	noarch
firewalld-filesystem	2.4.0-2.fc44	noarch
flac-libs	1.5.0-8.fc44	i686
flac-libs	1.5.0-8.fc44	x86_64
flashrom	1.6.0-3.fc44	x86_64
flatpak	1.17.7-1.fc44	x86_64
flatpak-kcm	6.6.5-1.fc44	x86_64
flatpak-libs	1.17.7-1.fc44	x86_64
flatpak-selinux	1.17.7-1.fc44	noarch
flatpak-session-helper	1.17.7-1.fc44	x86_64
flex	2.6.4-24.fc44	x86_64
flexiblas	3.5.0-2.fc44	x86_64
flexiblas-netlib	3.5.0-2.fc44	x86_64
flexiblas-netlib64	3.5.0-2.fc44	x86_64
flexiblas-openblas-openmp	3.5.0-2.fc44	x86_64
flexiblas-openblas-openmp64	3.5.0-2.fc44	x86_64
flexiblas-openblas-serial	3.5.0-2.fc44	x86_64
flite	2.2-13.fc44	x86_64
fluid-soundfont-common	3.1-36.fc44	noarch
fluid-soundfont-gm	3.1-36.fc44	noarch
fluid-soundfont-lite-patches	3.1-36.fc44	noarch
fluidsynth-libs	2.5.4-1.fc44	x86_64
fmt	11.2.0-4.fc44	x86_64
fontawesome-6-brands-fonts	6.7.2-4.fc44	noarch
fontawesome-6-free-fonts	6.7.2-4.fc44	noarch
fontconfig	2.17.0-4.fc44	i686
fontconfig	2.17.0-4.fc44	x86_64
fonts-filesystem	5.0.0-2.fc44	noarch
fonts-srpm-macros	5.0.0-2.fc44	noarch
forge-srpm-macros	0.4.0-4.fc44	noarch
fpaste	0.5.0.0-4.fc44	noarch
fpc-srpm-macros	1.3-16.fc44	noarch
fprintd	1.94.5-5.fc44	x86_64
fprintd-pam	1.94.5-5.fc44	x86_64
freeglut	3.8.0-2.fc44	x86_64
freeipmi	1.6.15-5.fc44	x86_64
freerdp	3.26.0-4.fc44	x86_64
freerdp-libs	3.26.0-4.fc44	x86_64
freetype	2.14.3-1.fc44	i686
freetype	2.14.3-1.fc44	x86_64
freexl	2.0.0-20.fc44	x86_64
fribidi	1.0.16-4.fc44	i686
fribidi	1.0.16-4.fc44	x86_64
fstrm	0.6.1-14.fc44	x86_64
fuse	2.9.9-25.fc44	x86_64
fuse-common	3.18.2-1.fc44	x86_64
fuse-encfs	1.9.5-28.fc44	x86_64
fuse-libs	2.9.9-25.fc44	x86_64
fuse-overlayfs	1.16-2.fc44	x86_64
fuse-sshfs	3.7.6-1.fc44	x86_64
fuse3	3.18.2-1.fc44	x86_64
fuse3-libs	3.18.2-1.fc44	x86_64
fwupd	2.1.3-1.fc44	x86_64
fwupd-efi	1.8-1.fc44	x86_64
fwupd-plugin-flashrom	2.1.3-1.fc44	x86_64
fwupd-plugin-modem-manager	2.1.3-1.fc44	x86_64
fwupd-plugin-uefi-capsule-data	2.1.3-1.fc44	x86_64
fzf	0.73.1-1.fc44	x86_64
game-music-emu	0.6.4-3.fc44	x86_64
gap-srpm-macros	2-2.fc44	noarch
gawk	5.3.2-3.fc44	x86_64
gawk-all-langpacks	5.3.2-3.fc44	x86_64
gcc	16.1.1-2.fc44	x86_64
gcc-c++	16.1.1-2.fc44	x86_64
gcc-plugin-annobin	16.1.1-2.fc44	x86_64
gcr-libs	4.4.0.1-7.fc44	x86_64
gd	2.3.3-21.fc44	i686
gd	2.3.3-21.fc44	x86_64
gdal-libs	3.12.4-1.fc44	x86_64
gdb	17.1-6.fc44	x86_64
gdb-headless	17.1-6.fc44	x86_64
gdbm	1.23-11.fc44	x86_64
gdbm-libs	1.23-11.fc44	i686
gdbm-libs	1.23-11.fc44	x86_64
gdcm	3.0.24-17.fc44	x86_64
gdk-pixbuf2	2.44.4-2.fc44	i686
gdk-pixbuf2	2.44.4-2.fc44	x86_64
gdouros-symbola-fonts	10.24-19.fc44	noarch
geoclue2	2.8.1-1.fc44	x86_64
geolite2-city	20191217-16.fc44	noarch
geolite2-country	20191217-16.fc44	noarch
geos	3.14.1-2.fc44	x86_64
gettext	0.26-5.fc44	x86_64
gettext-common-devel	0.26-5.fc44	noarch
gettext-devel	0.26-5.fc44	x86_64
gettext-envsubst	0.26-5.fc44	x86_64
gettext-libs	0.26-5.fc44	x86_64
gettext-runtime	0.26-5.fc44	x86_64
gh	2.92.0-1.fc44	x86_64
ghc-srpm-macros	1.10-1.fc44	noarch
ghostscript	10.06.0-2.fc44	x86_64
ghostscript-tools-fontutils	10.06.0-2.fc44	noarch
ghostscript-tools-printing	10.06.0-2.fc44	noarch
giflib	6.1.3-2.fc44	x86_64
git	2.54.0-1.fc44	x86_64
git-core	2.54.0-1.fc44	x86_64
git-core-doc	2.54.0-1.fc44	noarch
git-delta	0.19.1-3.fc44	x86_64
glib-networking	2.80.1-4.fc44	i686
glib-networking	2.80.1-4.fc44	x86_64
glib2	2.88.1-1.fc44	i686
glib2	2.88.1-1.fc44	x86_64
glibc	2.43-6.fc44	i686
glibc	2.43-6.fc44	x86_64
glibc-all-langpacks	2.43-6.fc44	x86_64
glibc-common	2.43-6.fc44	x86_64
glibc-devel	2.43-6.fc44	x86_64
glibc-gconv-extra	2.43-6.fc44	i686
glibc-gconv-extra	2.43-6.fc44	x86_64
glibmm2.4	2.66.8-3.fc44	x86_64
glibmm2.68	2.88.0-1.fc44	x86_64
glx-utils	9.0.0-11.fc44	x86_64
glycin-libs	2.1.1-1.fc44	i686
glycin-libs	2.1.1-1.fc44	x86_64
glycin-loaders	2.1.1-1.fc44	i686
glycin-loaders	2.1.1-1.fc44	x86_64
gmp	6.3.0-5.fc44	i686
gmp	6.3.0-5.fc44	x86_64
gnat-srpm-macros	7-2.fc44	noarch
gnome-abrt	1.4.3-9.fc44	x86_64
gnome-srpm-macros	1.0-1.fc44	noarch
gnu-free-fonts-common	20120503-38.fc44	noarch
gnu-free-sans-fonts	20120503-38.fc44	noarch
gnulib-l10n	20241231-2.fc44	noarch
gnupg2	2.4.9-16.fc44	x86_64
gnupg2-dirmngr	2.4.9-16.fc44	x86_64
gnupg2-g13	2.4.9-16.fc44	x86_64
gnupg2-gpg-agent	2.4.9-16.fc44	x86_64
gnupg2-gpgconf	2.4.9-16.fc44	x86_64
gnupg2-keyboxd	2.4.9-16.fc44	x86_64
gnupg2-scdaemon	2.4.9-16.fc44	x86_64
gnupg2-utils	2.4.9-16.fc44	x86_64
gnupg2-verify	2.4.9-16.fc44	x86_64
gnupg2-wks	2.4.9-16.fc44	x86_64
gnustep-base-libs	1.31.0-8.fc44	x86_64
gnustep-filesystem	2.9.3-4.fc44	x86_64
gnustep-make	2.9.3-4.fc44	x86_64
gnutls	3.8.13-1.fc44	i686
gnutls	3.8.13-1.fc44	x86_64
gnutls-dane	3.8.13-1.fc44	x86_64
go-l2tp	0.1.8-4.fc44	x86_64
go-srpm-macros	3.8.0-2.fc44	noarch
gobject-introspection	1.86.0-3.fc44	x86_64
gocryptfs	2.6.1-5.fc44	x86_64
google-chrome-stable	149.0.7827.53-1	x86_64
google-droid-sans-fonts	20200215-24.fc44	noarch
google-noto-color-emoji-fonts	20250623-4.fc44	noarch
google-noto-emoji-fonts	20250623-4.fc44	noarch
google-noto-fonts-common	20251201-2.fc44	noarch
google-noto-naskh-arabic-vf-fonts	20251201-2.fc44	noarch
google-noto-sans-arabic-vf-fonts	20251201-2.fc44	noarch
google-noto-sans-armenian-vf-fonts	20251201-2.fc44	noarch
google-noto-sans-bengali-vf-fonts	20251201-2.fc44	noarch
google-noto-sans-canadian-aboriginal-vf-fonts	20251201-2.fc44	noarch
google-noto-sans-cherokee-vf-fonts	20251201-2.fc44	noarch
google-noto-sans-cjk-vf-fonts	2.004-11.fc44	noarch
google-noto-sans-devanagari-vf-fonts	20251201-2.fc44	noarch
google-noto-sans-ethiopic-vf-fonts	20251201-2.fc44	noarch
google-noto-sans-fonts	20251201-2.fc44	noarch
google-noto-sans-georgian-vf-fonts	20251201-2.fc44	noarch
google-noto-sans-gothic-fonts	20251201-2.fc44	noarch
google-noto-sans-gujarati-vf-fonts	20251201-2.fc44	noarch
google-noto-sans-gurmukhi-vf-fonts	20251201-2.fc44	noarch
google-noto-sans-hebrew-vf-fonts	20251201-2.fc44	noarch
google-noto-sans-kannada-vf-fonts	20251201-2.fc44	noarch
google-noto-sans-khmer-vf-fonts	20251201-2.fc44	noarch
google-noto-sans-lao-vf-fonts	20251201-2.fc44	noarch
google-noto-sans-math-fonts	20251201-2.fc44	noarch
google-noto-sans-meetei-mayek-vf-fonts	20251201-2.fc44	noarch
google-noto-sans-mono-cjk-vf-fonts	2.004-11.fc44	noarch
google-noto-sans-mono-fonts	20251201-2.fc44	noarch
google-noto-sans-mono-vf-fonts	20251201-2.fc44	noarch
google-noto-sans-nko-fonts	20251201-2.fc44	noarch
google-noto-sans-ol-chiki-vf-fonts	20251201-2.fc44	noarch
google-noto-sans-oriya-vf-fonts	20251201-2.fc44	noarch
google-noto-sans-sinhala-vf-fonts	20251201-2.fc44	noarch
google-noto-sans-symbols-2-fonts	20251201-2.fc44	noarch
google-noto-sans-symbols-vf-fonts	20251201-2.fc44	noarch
google-noto-sans-syriac-vf-fonts	20251201-2.fc44	noarch
google-noto-sans-tamil-vf-fonts	20251201-2.fc44	noarch
google-noto-sans-telugu-vf-fonts	20251201-2.fc44	noarch
google-noto-sans-thaana-vf-fonts	20251201-2.fc44	noarch
google-noto-sans-thai-vf-fonts	20251201-2.fc44	noarch
google-noto-sans-vf-fonts	20251201-2.fc44	noarch
google-noto-sans-yi-fonts	20251201-2.fc44	noarch
google-noto-serif-armenian-vf-fonts	20251201-2.fc44	noarch
google-noto-serif-bengali-vf-fonts	20251201-2.fc44	noarch
google-noto-serif-cjk-vf-fonts	2.003-4.fc44	noarch
google-noto-serif-devanagari-vf-fonts	20251201-2.fc44	noarch
google-noto-serif-ethiopic-vf-fonts	20251201-2.fc44	noarch
google-noto-serif-fonts	20251201-2.fc44	noarch
google-noto-serif-georgian-vf-fonts	20251201-2.fc44	noarch
google-noto-serif-gujarati-vf-fonts	20251201-2.fc44	noarch
google-noto-serif-gurmukhi-vf-fonts	20251201-2.fc44	noarch
google-noto-serif-hebrew-vf-fonts	20251201-2.fc44	noarch
google-noto-serif-kannada-vf-fonts	20251201-2.fc44	noarch
google-noto-serif-khmer-vf-fonts	20251201-2.fc44	noarch
google-noto-serif-lao-vf-fonts	20251201-2.fc44	noarch
google-noto-serif-oriya-vf-fonts	20251201-2.fc44	noarch
google-noto-serif-sinhala-vf-fonts	20251201-2.fc44	noarch
google-noto-serif-tamil-vf-fonts	20251201-2.fc44	noarch
google-noto-serif-telugu-vf-fonts	20251201-2.fc44	noarch
google-noto-serif-thai-vf-fonts	20251201-2.fc44	noarch
google-noto-serif-vf-fonts	20251201-2.fc44	noarch
gpg-pubkey	060a61c51b558a7f742b77aac52feb6b621e9f35-58ade481	(none)
gpg-pubkey	28091d1d2a7f7dafdf6af72666c47270c9947ab8-5cc0e1e4	(none)
gpg-pubkey	36f612dcf27f7d1a48a835e4dbfcf71c6d9f90a6-6786af3b	(none)
gpg-pubkey	3986a6355a41a30a824298f0944f6b1990f437f2-5dd896bd	(none)
gpg-pubkey	79bdb88f9bbf73910fd4095b6a2af96194843c65-5dadbc64	(none)
gpg-pubkey	84c365d6cc9a4886ca926bcc4f2197399706ac24-69690aa5	(none)
gpg-pubkey	ae446bab33ea9862aa29fc3ddde0e6222047091f-67aab910	(none)
gpg-pubkey	c6e7f081cf80e13146676e88829b606631645531-66b6dccf	(none)
gpg-pubkey	d43f640145369c51d786ddea76f1a20ff987672f-5c0e9ab8	(none)
gpg-pubkey	e9a491a3de247814e7e067eae06f8ecdd651ff2e-5dadbbc1	(none)
gpg-pubkey	eb4c1bfd4f042f6dddccec917721f63bd38b4796-570c8cd3	(none)
gpg-pubkey	fd909b6288a84250ad58020fa69891c5cea2757d-651b2a3e	(none)
gpgme	2.0.1-4.fc44	x86_64
gpgmepp	2.0.1-4.fc44	x86_64
gpgverify	2.2-4.fc44	noarch
gpm-libs	1.20.7-53.fc44	x86_64
gpsd-libs	3.27.5-3.fc44	x86_64
graphene	1.10.8-4.fc44	i686
graphene	1.10.8-4.fc44	x86_64
graphite2	1.3.14-20.fc44	i686
graphite2	1.3.14-20.fc44	x86_64
graphviz	14.1.4-2.fc44	x86_64
graphviz-libs	14.1.4-2.fc44	x86_64
grep	3.12-3.fc44	x86_64
grim	1.5.0-3.fc44	x86_64
groff-base	1.23.0-12.fc44	x86_64
grub2-common	2.12-58.fc44	noarch
grub2-efi-ia32	2.12-58.fc44	x86_64
grub2-efi-ia32-cdboot	2.12-58.fc44	x86_64
grub2-efi-ia32-modules	2.12-58.fc44	noarch
grub2-efi-x64	2.12-58.fc44	x86_64
grub2-efi-x64-cdboot	2.12-58.fc44	x86_64
grub2-efi-x64-modules	2.12-58.fc44	noarch
grub2-pc	2.12-58.fc44	x86_64
grub2-pc-modules	2.12-58.fc44	noarch
grub2-tools	2.12-58.fc44	x86_64
grub2-tools-efi	2.12-58.fc44	x86_64
grub2-tools-extra	2.12-58.fc44	x86_64
grub2-tools-minimal	2.12-58.fc44	x86_64
grubby	8.40-88.fc44	x86_64
gsettings-desktop-schemas	50.1-1.fc44	x86_64
gsm	1.0.24-2.fc44	i686
gsm	1.0.24-2.fc44	x86_64
gssdp	1.6.5-1.fc44	x86_64
gssproxy	0.9.2-10.fc44	x86_64
gstreamer1	1.28.3-1.fc44	i686
gstreamer1	1.28.3-1.fc44	x86_64
gstreamer1-plugin-dav1d	0.15.0-1.fc44	x86_64
gstreamer1-plugin-libav	1.28.3-1.fc44	x86_64
gstreamer1-plugin-openh264	1.28.3-2.fc44	x86_64
gstreamer1-plugins-bad-free	1.28.3-2.fc44	x86_64
gstreamer1-plugins-bad-free-extras	1.28.3-2.fc44	x86_64
gstreamer1-plugins-bad-free-fluidsynth	1.28.3-2.fc44	x86_64
gstreamer1-plugins-bad-free-libs	1.28.3-2.fc44	x86_64
gstreamer1-plugins-bad-free-lv2	1.28.3-2.fc44	x86_64
gstreamer1-plugins-bad-free-opencv	1.28.3-2.fc44	x86_64
gstreamer1-plugins-bad-free-wildmidi	1.28.3-2.fc44	x86_64
gstreamer1-plugins-bad-free-zbar	1.28.3-2.fc44	x86_64
gstreamer1-plugins-bad-freeworld	1.28.3-1.fc44	x86_64
gstreamer1-plugins-base	1.28.3-1.fc44	i686
gstreamer1-plugins-base	1.28.3-1.fc44	x86_64
gstreamer1-plugins-good	1.28.3-2.fc44	x86_64
gstreamer1-plugins-good-extras	1.28.3-2.fc44	x86_64
gstreamer1-plugins-good-qt	1.28.3-2.fc44	x86_64
gstreamer1-plugins-good-qt6	1.28.3-2.fc44	x86_64
gstreamer1-plugins-ugly	1.28.3-1.fc44	x86_64
gstreamer1-plugins-ugly-free	1.28.3-1.fc44	x86_64
gtk-layer-shell	0.10.0-1.fc44	x86_64
gtk-update-icon-cache	3.24.52-1.fc44	x86_64
gtk2	2.24.33-25.fc44	x86_64
gtk2-engines	2.20.2-34.fc44	x86_64
gtk3	3.24.52-1.fc44	i686
gtk3	3.24.52-1.fc44	x86_64
gtk3-immodule-xim	3.24.52-1.fc44	x86_64
gtk4	4.22.4-1.fc44	x86_64
gtkmm3.0	3.24.10-3.fc44	x86_64
gtkmm4.0	4.22.0-1.fc44	x86_64
gtksourceview4	4.8.4-11.fc44	x86_64
gts	0.7.6-52.20121130.fc44	x86_64
gupnp	1.6.9-3.fc44	x86_64
gupnp-igd	1.6.0-8.fc44	x86_64
gutenprint	5.3.5-7.fc44	x86_64
gutenprint-cups	5.3.5-7.fc44	x86_64
gutenprint-libs	5.3.5-7.fc44	x86_64
gvfs	1.60.0-1.fc44	x86_64
gvfs-client	1.60.0-1.fc44	x86_64
gwenview	26.04.2-1.fc44	x86_64
gwenview-libs	26.04.2-1.fc44	x86_64
gzip	1.14-2.fc44	x86_64
harfbuzz	14.1.0-2.fc44	i686
harfbuzz	14.1.0-2.fc44	x86_64
hashcat	7.1.2-5.fc44	x86_64
hashcat-doc	7.1.2-5.fc44	noarch
hddtemp	0.3-0.60.beta15.fc44	x86_64
hdf-libs	4.3.0-5.fc44	x86_64
hdf5	1.14.6-7.fc44	x86_64
hdparm	9.65-10.fc44	x86_64
hfsplus-tools	540.1.linux3-36.fc44	x86_64
hfsutils	3.2.6-53.fc42	x86_64
hicolor-icon-theme	0.18-3.fc44	noarch
highway	1.3.0-2.fc44	i686
highway	1.3.0-2.fc44	x86_64
hiredis	1.2.0-8.fc44	x86_64
hostname	3.25-4.fc44	x86_64
hplip	3.26.4-2.fc44	x86_64
hplip-common	3.26.4-2.fc44	x86_64
hplip-libs	3.26.4-2.fc44	x86_64
htop	3.4.1-3.fc44	x86_64
httpd	2.4.67-1.fc44	x86_64
httpd-core	2.4.67-1.fc44	x86_64
httpd-filesystem	2.4.67-1.fc44	noarch
httpd-tools	2.4.67-1.fc44	x86_64
hunspell	1.7.2-11.fc44	x86_64
hunspell-en	0.20260225-2.fc44	noarch
hunspell-en-AU	0.20260225-2.fc44	noarch
hunspell-en-CA	0.20260225-2.fc44	noarch
hunspell-en-GB	0.20260225-2.fc44	noarch
hunspell-en-US	0.20260225-2.fc44	noarch
hunspell-filesystem	1.7.2-11.fc44	x86_64
hwdata	0.408-1.fc44	noarch
hwloc-libs	2.12.0-3.fc44	x86_64
hyperfine	1.20.0-2.fc44	x86_64
hyperv-daemons	6.10-3.fc44	x86_64
hyperv-daemons-license	6.10-3.fc44	noarch
hypervfcopyd	6.10-3.fc44	x86_64
hypervkvpd	6.10-3.fc44	x86_64
hypervvssd	6.10-3.fc44	x86_64
hyphen	2.8.8-28.fc44	x86_64
hyprlang	0.6.4-4.fc44	x86_64
hyprutils	0.7.1-4.fc43	x86_64
i2c-tools	4.4-4.fc44	x86_64
ibus	1.5.34-2.fc44	x86_64
ibus-anthy	1.5.18-2.fc44	x86_64
ibus-anthy-python	1.5.18-2.fc44	noarch
ibus-chewing	2.1.7-2.fc44	x86_64
ibus-gtk2	1.5.34-2.fc44	x86_64
ibus-gtk3	1.5.34-2.fc44	x86_64
ibus-gtk4	1.5.34-2.fc44	x86_64
ibus-hangul	1.5.5-12.fc44	x86_64
ibus-libpinyin	1.16.5-3.fc44	x86_64
ibus-libs	1.5.34-2.fc44	x86_64
ibus-m17n	1.4.39-1.fc44	x86_64
ibus-panel	1.5.34-2.fc44	x86_64
ibus-setup	1.5.34-2.fc44	noarch
ibus-table	1.17.19-1.fc44	noarch
ibus-table-chinese	1.8.14-3.fc44	noarch
ibus-table-chinese-cangjie	1.8.14-3.fc44	noarch
ibus-typing-booster	2.30.9-1.fc44	noarch
ibus-xinit	1.5.34-2.fc44	noarch
icoutils	0.32.3-20.fc44	x86_64
iio-sensor-proxy	3.8-2.fc44	x86_64
ilbc	3.0.4-19.fc44	x86_64
im-chooser	1.7.6-1.fc44	x86_64
im-chooser-common	1.7.6-1.fc44	x86_64
ima-evm-utils-libs	1.6.2-8.fc44	x86_64
imath	3.1.12-6.fc44	x86_64
imsettings	1.8.11-2.fc44	x86_64
imsettings-gsettings	1.8.11-2.fc44	x86_64
imsettings-libs	1.8.11-2.fc44	x86_64
imsettings-plasma	1.8.11-2.fc44	x86_64
indent	2.2.13-11.fc44	x86_64
inih	62-2.fc44	x86_64
inih-cpp	62-2.fc44	x86_64
iniparser	4.2.6-4.fc44	x86_64
initscripts-service	10.27-2.fc44	noarch
inotify-tools	4.23.9.0-6.fc44	x86_64
intel-audio-firmware	20260519-1.fc44	noarch
intel-gmmlib	22.10.0-1.fc44	x86_64
intel-gpu-firmware	20260519-1.fc44	noarch
intel-lpmd	0.0.9-3.fc44	x86_64
intel-media-driver	26.1.5-1.fc44	x86_64
intel-mediasdk	23.2.2-11.fc44	x86_64
intel-vpl-gpu-rt	26.1.6-1.fc44	x86_64
intel-vsc-firmware	20260519-1.fc44	noarch
inxi	3.3.40-2.fc44	noarch
ipcalc	1.0.3-13.fc44	x86_64
ipmitool	1.8.19-12.fc44	x86_64
ipp-usb	0.9.31-2.fc44	x86_64
iproute	6.17.0-2.fc44	x86_64
ipset	7.24-3.fc44	x86_64
ipset-libs	7.24-3.fc44	x86_64
iptables-libs	1.8.11-13.fc44	x86_64
iptables-nft	1.8.11-13.fc44	x86_64
iptstate	2.2.7-11.fc44	x86_64
iputils	20250605-2.fc44	x86_64
irqbalance	1.9.5-2.fc44	x86_64
iscsi-initiator-utils	6.2.1.11-0.git4b3e853.fc44.3	x86_64
iscsi-initiator-utils-iscsiuio	6.2.1.11-0.git4b3e853.fc44.3	x86_64
isns-utils-libs	0.103-4.fc44	x86_64
iso-codes	4.20.1-3.fc44	noarch
isoimagewriter	26.04.2-1.fc44	x86_64
isomd5sum	1.2.5-6.fc44	x86_64
iverilog	13.0-4.fc44	x86_64
iw	6.17-2.fc44	x86_64
iwd	3.12-1.fc44	x86_64
iwlegacy-firmware	20260519-1.fc44	noarch
iwlwifi-dvm-firmware	20260519-1.fc44	noarch
iwlwifi-mld-firmware	20260519-1.fc44	noarch
iwlwifi-mvm-firmware	20260519-1.fc44	noarch
jansson	2.14-4.fc44	x86_64
jasper-libs	4.2.8-2.fc44	x86_64
java-srpm-macros	1-8.fc44	noarch
javapackages-filesystem	6.4.1-10.fc44	noarch
jbig2dec-libs	0.20-8.fc44	x86_64
jbigkit-libs	2.1-33.fc44	i686
jbigkit-libs	2.1-33.fc44	x86_64
jemalloc	5.3.0-14.fc44	x86_64
jetbrains-mono-fonts	2.304-10.fc44	noarch
jetbrains-mono-fonts-all	2.304-10.fc44	noarch
jetbrains-mono-nl-fonts	2.304-10.fc44	noarch
jfsutils	1.1.15-32.fc44	x86_64
jomolhari-fonts	0.003-45.fc44	noarch
jose	14-6.fc44	x86_64
jq	1.8.1-3.fc44	x86_64
js-doxygen	1.16.1-3.fc44	noarch
json-c	0.18-8.fc44	i686
json-c	0.18-8.fc44	x86_64
json-glib	1.10.8-5.fc44	i686
json-glib	1.10.8-5.fc44	x86_64
jsoncpp	1.9.6-3.fc44	x86_64
julietaula-montserrat-fonts	9.000-4.fc44	noarch
jxrlib	1.1-33.fc44	x86_64
kaccounts-integration-qt6	26.04.2-1.fc44	x86_64
kaccounts-providers	26.04.2-1.fc44	x86_64
kactivitymanagerd	6.6.5-1.fc44	x86_64
kalk	26.04.2-1.fc44	x86_64
kamera	26.04.2-1.fc44	x86_64
kasts	26.04.2-1.fc44	x86_64
kasumi-common	2.5-50.fc44	noarch
kasumi-unicode	2.5-50.fc44	x86_64
kate	26.04.2-1.fc44	x86_64
kate-krunner-plugin	6.6.5-1.fc44	x86_64
kate-libs	26.04.2-1.fc44	x86_64
kate-plugins	26.04.2-1.fc44	x86_64
kbackup	26.04.2-1.fc44	x86_64
kbd	2.9.0-3.fc44	x86_64
kbd-legacy	2.9.0-3.fc44	noarch
kbd-misc	2.9.0-3.fc44	noarch
kcalc	26.04.2-1.fc44	x86_64
kclock	26.04.2-1.fc44	x86_64
kcm-plasma-keyboard	6.6.5-1.fc44	x86_64
kcm-plasmalogin	6.6.5-1.fc44	x86_64
kcolorpicker-qt6	0.3.0-7.fc44	x86_64
kcron	26.04.2-1.fc44	x86_64
kde-cli-tools	6.6.5-1.fc44	x86_64
kde-connect	26.04.2-1.fc44	x86_64
kde-connect-libs	26.04.2-1.fc44	x86_64
kde-dev-scripts	26.04.2-1.fc44	noarch
kde-filesystem	5-7.fc44	x86_64
kde-gtk-config	6.6.5-1.fc44	x86_64
kde-inotify-survey	26.04.2-1.fc44	x86_64
kde-l10n	17.08.3-22.fc44	noarch
kde-partitionmanager	26.04.2-1.fc44	x86_64
kde-settings	43.101-3.fc44	noarch
kde-settings-plasma	43.101-3.fc44	noarch
kde-settings-plasmalogin	43.101-3.fc44	noarch
kde-settings-pulseaudio	43.101-3.fc44	noarch
kde-settings-sddm	43.101-3.fc44	noarch
kdeconnectd	26.04.2-1.fc44	x86_64
kdecoration	6.6.5-1.fc44	x86_64
kdegraphics-mobipocket	26.04.2-1.fc44	x86_64
kdegraphics-thumbnailers	26.04.2-1.fc44	x86_64
kdenetwork-filesharing	26.04.2-1.fc44	x86_64
kdeplasma-addons	6.6.5-1.fc44	x86_64
kdesdk-thumbnailers	26.04.2-1.fc44	x86_64
kdesu	6.6.5-1.fc44	x86_64
kdf	26.04.2-1.fc44	x86_64
kdialog	26.04.2-1.fc44	x86_64
kdnssd	26.04.2-1.fc44	x86_64
kdsoap	2.2.0-9.fc44	x86_64
kdsoap-ws-discovery-client	0.4.0-6.fc44	x86_64
kdsoap6	2.2.0-9.fc44	x86_64
kdump-anaconda-addon	006-17.20250925git2a3605a.fc44	noarch
kdump-utils	1.0.61-1.fc44	x86_64
keditbookmarks	26.04.2-1.fc44	x86_64
keditbookmarks-libs	26.04.2-1.fc44	x86_64
kernel	7.0.11-100.fc43	x86_64
kernel	7.0.11-200.fc44	x86_64
kernel	7.0.8-100.fc43	x86_64
kernel-core	7.0.11-100.fc43	x86_64
kernel-core	7.0.11-200.fc44	x86_64
kernel-core	7.0.8-100.fc43	x86_64
kernel-devel	7.0.11-100.fc43	x86_64
kernel-devel	7.0.11-200.fc44	x86_64
kernel-devel	7.0.8-100.fc43	x86_64
kernel-devel-matched	7.0.11-200.fc44	x86_64
kernel-headers	7.0.6-200.fc44	x86_64
kernel-modules	7.0.11-100.fc43	x86_64
kernel-modules	7.0.11-200.fc44	x86_64
kernel-modules	7.0.8-100.fc43	x86_64
kernel-modules-core	7.0.11-100.fc43	x86_64
kernel-modules-core	7.0.11-200.fc44	x86_64
kernel-modules-core	7.0.8-100.fc43	x86_64
kernel-modules-extra	7.0.11-100.fc43	x86_64
kernel-modules-extra	7.0.11-200.fc44	x86_64
kernel-modules-extra	7.0.8-100.fc43	x86_64
kernel-srpm-macros	1.0-28.fc44	noarch
kernel-tools	7.0.11-200.fc44	x86_64
kernel-tools-libs	7.0.11-200.fc44	x86_64
kexec-tools	2.0.32-3.fc44	x86_64
keyutils	1.6.3-7.fc44	x86_64
keyutils-libs	1.6.3-7.fc44	i686
keyutils-libs	1.6.3-7.fc44	x86_64
kf5-attica	5.116.0-5.fc44	x86_64
kf5-filesystem	5.116.0-6.fc44	x86_64
kf5-frameworkintegration	5.116.0-11.fc44	x86_64
kf5-frameworkintegration-libs	5.116.0-11.fc44	x86_64
kf5-kactivities	5.116.0-5.fc44	x86_64
kf5-kactivities-stats	5.116.0-5.fc44	x86_64
kf5-karchive	5.116.0-5.fc44	x86_64
kf5-kauth	5.116.0-5.fc44	x86_64
kf5-kbookmarks	5.116.0-5.fc44	x86_64
kf5-kcodecs	5.116.0-5.fc44	x86_64
kf5-kcompletion	5.116.0-5.fc44	x86_64
kf5-kconfig-core	5.116.0-6.fc44	x86_64
kf5-kconfig-gui	5.116.0-6.fc44	x86_64
kf5-kconfigwidgets	5.116.0-5.fc44	x86_64
kf5-kcoreaddons	5.116.0-5.fc44	x86_64
kf5-kcrash	5.116.0-5.fc44	x86_64
kf5-kdbusaddons	5.116.0-5.fc44	x86_64
kf5-kdnssd	5.116.0-5.fc44	x86_64
kf5-kdoctools	5.116.0-5.fc44	x86_64
kf5-kglobalaccel	5.116.0-5.fc44	x86_64
kf5-kglobalaccel-libs	5.116.0-5.fc44	x86_64
kf5-kguiaddons	5.116.0-5.fc44	x86_64
kf5-ki18n	5.116.0-6.fc44	x86_64
kf5-kiconthemes	5.116.0-5.fc44	x86_64
kf5-kinit	5.116.0-5.fc44	x86_64
kf5-kio-core	5.116.0-6.fc44	x86_64
kf5-kio-core-libs	5.116.0-6.fc44	x86_64
kf5-kio-doc	5.116.0-6.fc44	noarch
kf5-kio-file-widgets	5.116.0-6.fc44	x86_64
kf5-kio-gui	5.116.0-6.fc44	x86_64
kf5-kio-ntlm	5.116.0-6.fc44	x86_64
kf5-kio-widgets	5.116.0-6.fc44	x86_64
kf5-kio-widgets-libs	5.116.0-6.fc44	x86_64
kf5-kirigami2	5.116.0-5.fc44	x86_64
kf5-kitemviews	5.116.0-5.fc44	x86_64
kf5-kjobwidgets	5.116.0-5.fc44	x86_64
kf5-knewstuff	5.116.0-5.fc44	x86_64
kf5-knotifications	5.116.0-5.fc44	x86_64
kf5-kpackage	5.116.0-5.fc44	x86_64
kf5-kservice	5.116.0-5.fc44	x86_64
kf5-ktextwidgets	5.116.0-5.fc44	x86_64
kf5-kwallet	5.116.0-5.fc44	x86_64
kf5-kwallet-libs	5.116.0-5.fc44	x86_64
kf5-kwayland	5.116.0-11.fc44	x86_64
kf5-kwidgetsaddons	5.116.0-5.fc44	x86_64
kf5-kwindowsystem	5.116.0-5.fc44	x86_64
kf5-kxmlgui	5.116.0-5.fc44	x86_64
kf5-qqc2-desktop-style	5.116.1-5.fc44	x86_64
kf5-solid	5.116.0-6.fc44	x86_64
kf5-sonnet	5.116.0-5.fc44	x86_64
kf5-sonnet-core	5.116.0-5.fc44	x86_64
kf5-sonnet-hunspell	5.116.0-5.fc44	x86_64
kf5-sonnet-ui	5.116.0-5.fc44	x86_64
kf5-syndication	5.116.0-5.fc44	x86_64
kf5-syntax-highlighting	5.116.0-5.fc44	x86_64
kf6-attica	6.26.0-1.fc44	x86_64
kf6-baloo	6.26.0-1.fc44	x86_64
kf6-baloo-file	6.26.0-1.fc44	x86_64
kf6-baloo-libs	6.26.0-1.fc44	x86_64
kf6-bluez-qt	6.26.0-2.fc44	x86_64
kf6-breeze-icons	6.26.0-1.fc44	x86_64
kf6-filesystem	6.26.0-1.fc44	x86_64
kf6-frameworkintegration	6.26.0-2.fc44	x86_64
kf6-frameworkintegration-libs	6.26.0-2.fc44	x86_64
kf6-karchive	6.26.0-1.fc44	x86_64
kf6-kauth	6.26.0-1.fc44	x86_64
kf6-kbookmarks	6.26.0-1.fc44	x86_64
kf6-kcalendarcore	6.26.0-2.fc44	x86_64
kf6-kcmutils	6.26.0-2.fc44	x86_64
kf6-kcodecs	6.26.0-1.fc44	x86_64
kf6-kcolorscheme	6.26.0-2.fc44	x86_64
kf6-kcompletion	6.26.0-1.fc44	x86_64
kf6-kconfig	6.26.0-1.fc44	x86_64
kf6-kconfigwidgets	6.26.0-2.fc44	x86_64
kf6-kcontacts	6.26.0-1.fc44	x86_64
kf6-kcoreaddons	6.26.0-2.fc44	x86_64
kf6-kcrash	6.26.0-1.fc44	x86_64
kf6-kdbusaddons	6.26.0-2.fc44	x86_64
kf6-kdeclarative	6.26.0-2.fc44	x86_64
kf6-kded	6.26.0-1.fc44	x86_64
kf6-kdesu	6.26.0-1.fc44	x86_64
kf6-kdnssd	6.26.0-1.fc44	x86_64
kf6-kdoctools	6.26.0-1.fc44	x86_64
kf6-kfilemetadata	6.26.0-1.fc44	x86_64
kf6-kglobalaccel	6.26.0-2.fc44	x86_64
kf6-kguiaddons	6.26.0-2.fc44	x86_64
kf6-kholidays	6.26.0-1.fc44	x86_64
kf6-ki18n	6.26.0-1.fc44	x86_64
kf6-kiconthemes	6.26.0-2.fc44	x86_64
kf6-kidletime	6.26.0-2.fc44	x86_64
kf6-kidletime-x11	6.26.0-2.fc44	x86_64
kf6-kimageformats	6.26.0-1.fc44	x86_64
kf6-kio-core	6.26.0-2.fc44	x86_64
kf6-kio-core-libs	6.26.0-2.fc44	x86_64
kf6-kio-doc	6.26.0-2.fc44	noarch
kf6-kio-file-widgets	6.26.0-2.fc44	x86_64
kf6-kio-gui	6.26.0-2.fc44	x86_64
kf6-kio-widgets	6.26.0-2.fc44	x86_64
kf6-kio-widgets-libs	6.26.0-2.fc44	x86_64
kf6-kirigami	6.26.0-2.fc44	x86_64
kf6-kirigami-addons	1.12.0-2.fc44	x86_64
kf6-kitemmodels	6.26.0-1.fc44	x86_64
kf6-kitemviews	6.26.0-1.fc44	x86_64
kf6-kjobwidgets	6.26.0-2.fc44	x86_64
kf6-knewstuff	6.26.0-2.fc44	x86_64
kf6-knotifications	6.26.0-2.fc44	x86_64
kf6-knotifyconfig	6.26.0-1.fc44	x86_64
kf6-kpackage	6.26.0-1.fc44	x86_64
kf6-kparts	6.26.0-1.fc44	x86_64
kf6-kpeople	6.26.0-1.fc44	x86_64
kf6-kplotting	6.26.0-1.fc44	x86_64
kf6-kpty	6.26.0-1.fc44	x86_64
kf6-kquickcharts	6.26.0-2.fc44	x86_64
kf6-krunner	6.26.0-1.fc44	x86_64
kf6-kservice	6.26.0-1.fc44	x86_64
kf6-kstatusnotifieritem	6.26.0-2.fc44	x86_64
kf6-ksvg	6.26.0-1.fc44	x86_64
kf6-ktexteditor	6.26.0-1.fc44	x86_64
kf6-ktexttemplate	6.26.0-1.fc44	x86_64
kf6-ktextwidgets	6.26.0-1.fc44	x86_64
kf6-kunitconversion	6.26.0-2.fc44	x86_64
kf6-kuserfeedback	6.26.0-2.fc44	x86_64
kf6-kwallet	6.26.0-1.fc44	x86_64
kf6-kwallet-libs	6.26.0-1.fc44	x86_64
kf6-kwidgetsaddons	6.26.0-2.fc44	x86_64
kf6-kwindowsystem	6.26.0-2.fc44	x86_64
kf6-kxmlgui	6.26.0-2.fc44	x86_64
kf6-modemmanager-qt	6.26.0-1.fc44	x86_64
kf6-networkmanager-qt	6.26.0-1.fc44	x86_64
kf6-prison	6.26.0-1.fc44	x86_64
kf6-purpose	6.26.0-2.fc44	x86_64
kf6-qqc2-desktop-style	6.26.0-2.fc44	x86_64
kf6-solid	6.26.0-1.fc44	x86_64
kf6-sonnet	6.26.0-1.fc44	x86_64
kf6-sonnet-hunspell	6.26.0-1.fc44	x86_64
kf6-syndication	6.26.0-1.fc44	x86_64
kf6-syntax-highlighting	6.26.0-1.fc44	x86_64
kf6-threadweaver	6.26.0-1.fc44	x86_64
kglobalacceld	6.6.5-1.fc44	x86_64
khelpcenter	26.04.2-1.fc44	x86_64
kimageannotator-common	0.7.0-8.fc44	x86_64
kimageannotator-qt6	0.7.0-8.fc44	x86_64
kinfocenter	6.6.5-1.fc44	x86_64
kio-admin	26.04.2-1.fc44	x86_64
kio-extras	26.04.2-1.fc44	x86_64
kio-extras-kf5	24.02.2-9.fc44	x86_64
kio-fuse	5.1.1-3.fc44	x86_64
kio-gdrive	26.04.2-1.fc44	x86_64
kjournald	26.04.2-1.fc44	x86_64
kjournald-libs	26.04.2-1.fc44	x86_64
kmenuedit	6.6.5-1.fc44	x86_64
kmod	34.2-4.fc44	x86_64
kmod-libs	34.2-4.fc44	x86_64
kmod-nvidia-7.0.11-100.fc43.x86_64	580.159.03-1.fc43	x86_64
kmod-nvidia-7.0.11-200.fc44.x86_64	595.71.05-1.fc44	x86_64
kmod-nvidia-7.0.8-100.fc43.x86_64	580.159.03-1.fc43	x86_64
kmodtool	1.2.1-1.fc44	noarch
knighttime	6.6.5-1.fc44	x86_64
konsole	26.04.2-1.fc44	x86_64
konsole-part	26.04.2-1.fc44	x86_64
kpartx	0.13.1-1.fc44	x86_64
kpipewire	6.6.5-1.fc44	x86_64
kpmcore	26.04.2-1.fc44	x86_64
kquickimageeditor-qt6	0.6.0-6.fc44	x86_64
krb5-libs	1.22.2-4.fc44	i686
krb5-libs	1.22.2-4.fc44	x86_64
krdc	26.04.2-1.fc44	x86_64
krdc-libs	26.04.2-1.fc44	x86_64
krdp	6.6.5-1.fc44	x86_64
krdp-libs	6.6.5-1.fc44	x86_64
krfb	26.04.2-1.fc44	x86_64
krfb-libs	26.04.2-1.fc44	x86_64
kscreen	6.6.5-1.fc44	x86_64
kscreenlocker	6.6.5-1.fc44	x86_64
ksshaskpass	6.6.5-1.fc44	x86_64
ksystemlog	26.04.2-1.fc44	x86_64
ksystemstats	6.6.5-1.fc44	x86_64
ktimer	26.04.2-1.fc44	x86_64
ktorrent	26.04.2-1.fc44	x86_64
ktorrent-libs	26.04.2-1.fc44	x86_64
kunifiedpush	26.04.2-1.fc44	x86_64
kwayland	6.6.5-1.fc44	x86_64
kwin	6.6.5-1.fc44	x86_64
kwin-common	6.6.5-1.fc44	x86_64
kwin-libs	6.6.5-1.fc44	x86_64
kwin-x11	6.6.5-1.fc44	x86_64
kwin-x11-libs	6.6.5-1.fc44	x86_64
kwrited	6.6.5-1.fc44	x86_64
kxkb2locale1	0.1-3.fc44	x86_64
kyotocabinet-libs	1.2.80-9.fc44	x86_64
ladspa	1.17-9.fc44	x86_64
lame	3.100-21.fc44	x86_64
lame-libs	3.100-21.fc44	i686
lame-libs	3.100-21.fc44	x86_64
langtable	0.0.70-1.fc44	noarch
lasi	1.1.3-18.fc44	x86_64
layer-shell-qt	6.6.5-1.fc44	x86_64
lcms2	2.16-7.fc44	i686
lcms2	2.16-7.fc44	x86_64
ldns	1.9.0-2.fc44	x86_64
leptonica	1.87.0-3.fc44	x86_64
less	692-6.fc44	x86_64
less-color	692-6.fc44	x86_64
libICE	1.1.2-4.fc44	x86_64
libSM	1.2.5-4.fc44	x86_64
libX11	1.8.13-1.fc44	i686
libX11	1.8.13-1.fc44	x86_64
libX11-common	1.8.13-1.fc44	noarch
libX11-xcb	1.8.13-1.fc44	i686
libX11-xcb	1.8.13-1.fc44	x86_64
libXScrnSaver	1.2.4-7.fc44	x86_64
libXau	1.0.12-4.fc44	i686
libXau	1.0.12-4.fc44	x86_64
libXaw	1.0.16-5.fc44	x86_64
libXcomposite	0.4.6-7.fc44	i686
libXcomposite	0.4.6-7.fc44	x86_64
libXcursor	1.2.3-4.fc44	i686
libXcursor	1.2.3-4.fc44	x86_64
libXdamage	1.1.6-7.fc44	i686
libXdamage	1.1.6-7.fc44	x86_64
libXdmcp	1.1.5-5.fc44	x86_64
libXext	1.3.6-5.fc44	i686
libXext	1.3.6-5.fc44	x86_64
libXfixes	6.0.1-7.fc44	i686
libXfixes	6.0.1-7.fc44	x86_64
libXfont2	2.0.7-4.fc44	x86_64
libXft	2.3.8-10.fc44	i686
libXft	2.3.8-10.fc44	x86_64
libXi	1.8.3-1.fc44	i686
libXi	1.8.3-1.fc44	x86_64
libXinerama	1.1.5-10.fc44	i686
libXinerama	1.1.5-10.fc44	x86_64
libXmu	1.2.1-5.fc44	x86_64
libXpm	3.5.17-7.fc44	i686
libXpm	3.5.17-7.fc44	x86_64
libXrandr	1.5.4-7.fc44	i686
libXrandr	1.5.4-7.fc44	x86_64
libXrender	0.9.12-4.fc44	i686
libXrender	0.9.12-4.fc44	x86_64
libXres	1.2.2-7.fc44	x86_64
libXt	1.3.1-4.fc44	x86_64
libXtst	1.2.5-4.fc44	i686
libXtst	1.2.5-4.fc44	x86_64
libXv	1.0.13-4.fc44	i686
libXv	1.0.13-4.fc44	x86_64
libXxf86dga	1.1.6-7.fc44	x86_64
libXxf86vm	1.1.6-4.fc44	i686
libXxf86vm	1.1.6-4.fc44	x86_64
liba52	0.7.4-53.fc44	x86_64
libaccounts-glib	1.25-24.fc44	x86_64
libaccounts-qt6	1.17-4.fc44	x86_64
libacl	2.3.2-6.fc44	x86_64
libadwaita	1.9.1-1.fc44	x86_64
libaec	1.1.5-1.fc44	x86_64
libaio	0.3.111-23.fc44	x86_64
libao	1.2.0-31.fc44	x86_64
libaom	3.13.3-1.fc44	i686
libaom	3.13.3-1.fc44	x86_64
libappindicator-gtk3	12.10.1-10.fc44	x86_64
libarchive	3.8.7-1.fc44	x86_64
libaribcaption	1.1.1-4.fc44	x86_64
libarrow	23.0.1-1.fc44	x86_64
libarrow-acero-libs	23.0.1-1.fc44	x86_64
libarrow-compute-libs	23.0.1-1.fc44	x86_64
libarrow-dataset-libs	23.0.1-1.fc44	x86_64
libarrow-doc	23.0.1-1.fc44	noarch
libass	0.17.4-2.fc44	x86_64
libassuan	2.5.7-5.fc44	x86_64
libasyncns	0.8-32.fc44	i686
libasyncns	0.8-32.fc44	x86_64
libatasmart	0.19-32.fc44	x86_64
libatomic	16.1.1-2.fc44	x86_64
libattr	2.5.2-8.fc44	x86_64
libavc1394	0.5.4-27.fc44	x86_64
libavdevice	8.1.1-1.fc44	x86_64
libavif	1.3.0-4.fc44	i686
libavif	1.3.0-4.fc44	x86_64
libavtp	0.2.0-15.fc44	x86_64
libb2	0.98.1-15.fc44	x86_64
libbabeltrace	1.5.11-17.fc44	x86_64
libbasicobjects	0.1.1-61.fc44	x86_64
libblkid	2.41.4-8.fc44	i686
libblkid	2.41.4-8.fc44	x86_64
libblockdev	3.5.0-1.fc44	x86_64
libblockdev-btrfs	3.5.0-1.fc44	x86_64
libblockdev-crypto	3.5.0-1.fc44	x86_64
libblockdev-dm	3.5.0-1.fc44	x86_64
libblockdev-fs	3.5.0-1.fc44	x86_64
libblockdev-loop	3.5.0-1.fc44	x86_64
libblockdev-lvm	3.5.0-1.fc44	x86_64
libblockdev-lvm-dbus	3.5.0-1.fc44	x86_64
libblockdev-mdraid	3.5.0-1.fc44	x86_64
libblockdev-mpath	3.5.0-1.fc44	x86_64
libblockdev-nvdimm	3.5.0-1.fc44	x86_64
libblockdev-nvme	3.5.0-1.fc44	x86_64
libblockdev-part	3.5.0-1.fc44	x86_64
libblockdev-plugins-all	3.5.0-1.fc44	x86_64
libblockdev-smart	3.5.0-1.fc44	x86_64
libblockdev-smartmontools	3.5.0-1.fc44	x86_64
libblockdev-swap	3.5.0-1.fc44	x86_64
libblockdev-tools	3.5.0-1.fc44	x86_64
libblockdev-utils	3.5.0-1.fc44	x86_64
libbluray	1.4.0-3.fc44	x86_64
libbpf	1.6.3-2.fc44	x86_64
libbrotli	1.2.0-3.fc44	i686
libbrotli	1.2.0-3.fc44	x86_64
libbs2b	3.1.0-37.fc44	x86_64
libbsd	0.12.2-7.fc44	x86_64
libbytesize	2.12-2.fc44	x86_64
libcaca	0.99-0.82.beta20.fc44	x86_64
libcamera	0.7.1-1.fc44	x86_64
libcamera-ipa	0.7.1-1.fc44	x86_64
libcanberra	0.30-39.fc44	i686
libcanberra	0.30-39.fc44	x86_64
libcanberra-gtk2	0.30-39.fc44	x86_64
libcanberra-gtk3	0.30-39.fc44	i686
libcanberra-gtk3	0.30-39.fc44	x86_64
libcap	2.78-1.fc44	i686
libcap	2.78-1.fc44	x86_64
libcap-ng	0.9.3-1.fc44	i686
libcap-ng	0.9.3-1.fc44	x86_64
libcap-ng-python3	0.9.3-1.fc44	x86_64
libcbor	0.13.0-2.fc44	i686
libcbor	0.13.0-2.fc44	x86_64
libcddb	1.3.2-47.fc44	x86_64
libcdio	2.3.0-1.fc44	x86_64
libcdio-paranoia	10.2+2.0.2-6.fc44	x86_64
libcgroup	3.0-10.fc44	x86_64
libchewing	0.11.0-2.fc44	x86_64
libchromaprint	1.6.0-4.fc44	x86_64
libcloudproviders	0.4.0-1.fc44	i686
libcloudproviders	0.4.0-1.fc44	x86_64
libcollection	0.7.0-61.fc44	x86_64
libcom_err	1.47.3-4.fc44	i686
libcom_err	1.47.3-4.fc44	x86_64
libcomps	0.1.24-1.fc44	x86_64
libcue	2.3.0-14.fc44	x86_64
libcupsfilters	2.1.1-7.fc44	x86_64
libcurl	8.18.0-6.fc44	i686
libcurl	8.18.0-6.fc44	x86_64
libdaemon	0.14-33.fc44	x86_64
libdatrie	0.2.14-2.fc44	i686
libdatrie	0.2.14-2.fc44	x86_64
libdav1d	1.5.3-1.fc44	i686
libdav1d	1.5.3-1.fc44	x86_64
libdbusmenu	16.04.0-31.fc44	x86_64
libdbusmenu-gtk3	16.04.0-31.fc44	x86_64
libdc1394	2.2.7-9.fc44	x86_64
libdca	0.0.7-15.fc44	x86_64
libddcutil	2.2.1-3.fc44	x86_64
libde265	1.0.18-1.fc44	x86_64
libdecor	0.2.5-2.fc44	i686
libdecor	0.2.5-2.fc44	x86_64
libdeflate	1.25-3.fc44	x86_64
libdhash	0.5.0-61.fc44	x86_64
libdisplay-info	0.3.0-1.fc44	i686
libdisplay-info	0.3.0-1.fc44	x86_64
libdisplay-info-tools	0.3.0-1.fc44	x86_64
libdmtx	0.7.8-3.fc44	x86_64
libdnf	0.75.0-2.fc44	x86_64
libdnf5	5.4.2.1-1.fc44	x86_64
libdnf5-cli	5.4.2.1-1.fc44	x86_64
libdnf5-plugin-appstream	5.4.2.1-1.fc44	x86_64
libdnf5-plugin-expired-pgp-keys	5.4.2.1-1.fc44	x86_64
libdovi	3.3.2-3.fc44	x86_64
libdrm	2.4.134-1.fc44	i686
libdrm	2.4.134-1.fc44	x86_64
libdv	1.0.0-46.fc44	x86_64
libdvbpsi	1.3.3-18.fc44	x86_64
libdvdnav	7.0.0-1.fc44	x86_64
libdvdread	7.0.1-1.fc44	x86_64
libebml	1.4.5-6.fc44	x86_64
libebur128	1.2.6-15.fc44	i686
libebur128	1.2.6-15.fc44	x86_64
libeconf	0.7.9-3.fc44	i686
libeconf	0.7.9-3.fc44	x86_64
libedit	3.1-59.20260512cvs.fc44	i686
libedit	3.1-59.20260512cvs.fc44	x86_64
libei	1.5.0-2.fc44	x86_64
libeis	1.5.0-2.fc44	x86_64
libell	0.83-1.fc44	x86_64
libepoxy	1.5.10-12.fc44	i686
libepoxy	1.5.10-12.fc44	x86_64
liberation-fonts-all	2.1.5-15.fc44	noarch
liberation-mono-fonts	2.1.5-15.fc44	noarch
liberation-sans-fonts	2.1.5-15.fc44	noarch
liberation-serif-fonts	2.1.5-15.fc44	noarch
libertas-firmware	20260519-1.fc44	noarch
libestr	0.1.11-13.fc44	x86_64
libev	4.33-15.fc44	x86_64
libevdev	1.13.6-2.fc44	x86_64
libevent	2.1.12-17.fc44	i686
libevent	2.1.12-17.fc44	x86_64
libexif	0.6.26-1.fc44	i686
libexif	0.6.26-1.fc44	x86_64
libfakekey	0.3-27.fc44	x86_64
libfastjson	1.2304.0-8.fc44	x86_64
libfdisk	2.41.4-8.fc44	x86_64
libffi	3.5.2-2.fc44	i686
libffi	3.5.2-2.fc44	x86_64
libfido2	1.16.0-5.fc44	i686
libfido2	1.16.0-5.fc44	x86_64
libfontenc	1.1.8-5.fc44	x86_64
libfprint	1.94.10-1.fc44	x86_64
libfreeaptx	0.2.2-3.fc44	x86_64
libfsverity	1.6-4.fc44	x86_64
libftdi	1.5-22.fc44	x86_64
libfyaml	0.8-9.fc44	x86_64
libgcc	16.1.1-2.fc44	i686
libgcc	16.1.1-2.fc44	x86_64
libgcrypt	1.12.2-1.fc44	x86_64
libgeotiff	1.7.4-5.fc44	x86_64
libgexiv2	0.16.0-2.fc44	x86_64
libgfortran	16.1.1-2.fc44	x86_64
libglvnd	1.7.0-9.fc44	i686
libglvnd	1.7.0-9.fc44	x86_64
libglvnd-egl	1.7.0-9.fc44	i686
libglvnd-egl	1.7.0-9.fc44	x86_64
libglvnd-gles	1.7.0-9.fc44	i686
libglvnd-gles	1.7.0-9.fc44	x86_64
libglvnd-glx	1.7.0-9.fc44	i686
libglvnd-glx	1.7.0-9.fc44	x86_64
libglvnd-opengl	1.7.0-9.fc44	i686
libglvnd-opengl	1.7.0-9.fc44	x86_64
libgomp	16.1.1-2.fc44	i686
libgomp	16.1.1-2.fc44	x86_64
libgpg-error	1.58-2.fc44	x86_64
libgphoto2	2.5.33-2.fc44	i686
libgphoto2	2.5.33-2.fc44	x86_64
libgs	10.06.0-2.fc44	x86_64
libgsf	1.14.58-1.fc44	x86_64
libgta	1.2.1-17.fc44	x86_64
libgudev	238-9.fc44	i686
libgudev	238-9.fc44	x86_64
libgusb	0.4.9-5.fc44	i686
libgusb	0.4.9-5.fc44	x86_64
libgxps	0.3.2-12.fc44	x86_64
libhangul	0.2.0-3.fc44	x86_64
libheif	1.21.2-1.fc44	i686
libheif	1.21.2-1.fc44	x86_64
libheif-freeworld	1.21.2-3.fc44	x86_64
libi2c	4.4-4.fc44	x86_64
libibverbs	61.0-2.fc44	i686
libibverbs	61.0-2.fc44	x86_64
libical	3.0.20-7.fc44	x86_64
libicu	77.1-2.fc44	i686
libicu	77.1-2.fc44	x86_64
libidn	1.43-4.fc44	x86_64
libidn2	2.3.8-3.fc44	i686
libidn2	2.3.8-3.fc44	x86_64
libiec61883	1.2.0-39.fc44	x86_64
libieee1284	0.2.11-48.fc44	x86_64
libijs	0.35-26.fc44	x86_64
libimagequant	4.1.0-2.fc44	i686
libimagequant	4.1.0-2.fc44	x86_64
libimobiledevice	1.4.0-3.fc44	x86_64
libimobiledevice-glue	1.3.2-1.fc44	x86_64
libini_config	1.3.1-61.fc44	x86_64
libinput	1.31.2-1.fc44	x86_64
libipt	2.1.2-4.fc44	x86_64
libiptcdata	1.0.5-24.fc44	x86_64
libjaylink	0.3.0-10.fc44	x86_64
libjcat	0.2.6-1.fc44	x86_64
libjose	14-6.fc44	x86_64
libjpeg-turbo	3.1.3-1.fc44	i686
libjpeg-turbo	3.1.3-1.fc44	x86_64
libjpeg-turbo-utils	3.1.3-1.fc44	x86_64
libjxl	0.11.2-1.fc44	i686
libjxl	0.11.2-1.fc44	x86_64
libkate	0.4.1-35.fc44	x86_64
libkcapi	1.5.0-7.fc44	x86_64
libkcapi-hasher	1.5.0-7.fc44	x86_64
libkcapi-hmaccalc	1.5.0-7.fc44	x86_64
libkcddb	26.04.2-1.fc44	x86_64
libkcddb-doc	26.04.2-1.fc44	noarch
libkcompactdisc	25.12.2-1.fc44	x86_64
libkdcraw	26.04.2-1.fc44	x86_64
libkexiv2-qt5	25.08.3-3.fc44	x86_64
libkexiv2-qt6	26.04.2-1.fc44	x86_64
libkgapi	26.04.2-1.fc44	x86_64
libkml	1.3.0-58.fc44	x86_64
libkolabxml	1.2.0-38.fc44	x86_64
libksba	1.6.7-5.fc44	x86_64
libkscreen	6.6.5-1.fc44	x86_64
libksysguard	6.6.5-1.fc44	x86_64
libksysguard-common	6.6.5-1.fc44	x86_64
libktorrent	26.04.2-1.fc44	x86_64
libkworkspace6	6.6.5-2.fc44	x86_64
liblastlog2	2.41.4-8.fc44	x86_64
liblc3	1.1.3-7.fc44	i686
liblc3	1.1.3-7.fc44	x86_64
libldac	2.0.2.3-19.fc44	i686
libldac	2.0.2.3-19.fc44	x86_64
libldb	4.24.3-1.fc44	x86_64
liblerc	4.0.0-10.fc44	i686
liblerc	4.0.0-10.fc44	x86_64
liblouis	3.33.0-7.fc44	x86_64
liblouis-tables	3.33.0-7.fc44	noarch
liblouisutdml	2.12.0-8.fc44	x86_64
liblouisutdml-utils	2.12.0-8.fc44	x86_64
liblqr-1	0.4.2-29.fc44	x86_64
liblrdf	0.5.0-34.fc44	x86_64
libluksmeta	10-2.fc44	x86_64
libluv	1.51.0.2-2.fc44	x86_64
libmad	0.16.4-13.fc44	x86_64
libmarkdown	2.2.7-14.fc44	x86_64
libmatroska	1.7.1-13.fc44	x86_64
libmaxminddb	1.13.3-1.fc44	x86_64
libmbim	1.32.0-3.fc44	x86_64
libmbim-utils	1.32.0-3.fc44	x86_64
libmd	1.2.0-1.fc44	x86_64
libmicrodns	0.2.0-15.fc44	x86_64
libmng	2.0.3-25.fc44	x86_64
libmnl	1.0.5-9.fc44	x86_64
libmodplug	0.8.9.0-29.fc44	x86_64
libmodulemd	2.15.2-7.fc44	x86_64
libmount	2.41.4-8.fc44	i686
libmount	2.41.4-8.fc44	x86_64
libmpc	1.4.1-1.fc44	x86_64
libmpcdec	1.3.0^20110810svn475-7.fc44	x86_64
libmpdclient	2.23-2.fc44	x86_64
libmpeg2	0.5.1-33.fc44	x86_64
libmspack	0.10.1-0.16.alpha.fc44	x86_64
libmtp	1.1.22-3.fc44	x86_64
libmusicbrainz5	5.1.0-29.fc44	x86_64
libmysofa	1.3.3-4.fc44	x86_64
libndp	1.9-5.fc44	x86_64
libnet	1.3-7.fc44	x86_64
libnetapi	4.24.3-1.fc44	x86_64
libnetfilter_conntrack	1.1.1-1.fc44	x86_64
libnfnetlink	1.0.1-32.fc44	x86_64
libnfs	6.0.2-7.fc44	x86_64
libnfsidmap	2.8.7-4.fc44	x86_64
libnftnl	1.3.1-2.fc44	x86_64
libnghttp2	1.68.0-4.fc44	i686
libnghttp2	1.68.0-4.fc44	x86_64
libnghttp3	1.16.0-1.fc44	i686
libnghttp3	1.16.0-1.fc44	x86_64
libnice	0.1.23-2.fc44	x86_64
libnl3	3.12.0-3.fc44	i686
libnl3	3.12.0-3.fc44	x86_64
libnl3-cli	3.12.0-3.fc44	x86_64
libnma	1.10.6-11.fc44	x86_64
libnma-common	1.10.6-11.fc44	noarch
libnma-gtk4	1.10.6-11.fc44	x86_64
libnotify	0.8.8-1.fc44	x86_64
libnsl2	2.0.1-5.fc44	x86_64
libntlm	1.8-4.fc44	x86_64
libnvme	1.16.1-2.fc44	x86_64
libobjc	16.1.1-2.fc44	x86_64
liboeffis	1.5.0-2.fc44	x86_64
libogg	1.3.6-2.fc44	i686
libogg	1.3.6-2.fc44	x86_64
libomp	22.1.6-1.fc44	x86_64
libomp-devel	22.1.6-1.fc44	x86_64
libopenjph	0.25.3-3.fc44	i686
libopenjph	0.25.3-3.fc44	x86_64
libopenmpt	0.8.7-1.fc44	x86_64
libopusenc	0.3-2.fc44	x86_64
liborc2	2.2.2-2.fc44	x86_64
libosinfo	1.12.0-5.fc44	x86_64
libpaper	2.1.1-10.fc44	x86_64
libpasswdqc	2.0.3-9.fc44	x86_64
libpath_utils	0.2.1-61.fc44	x86_64
libpcap	1.10.6-2.fc44	i686
libpcap	1.10.6-2.fc44	x86_64
libpciaccess	0.16-17.fc44	i686
libpciaccess	0.16-17.fc44	x86_64
libpfm	4.13.0-19.fc44	x86_64
libpinyin	2.11.91-2.fc44	x86_64
libpinyin-data	2.11.91-2.fc44	x86_64
libpipeline	1.5.8-4.fc44	x86_64
libpkgconf	2.5.1-1.fc44	x86_64
libplacebo	7.360.1-3.fc44	x86_64
libplasma	6.6.5-1.fc44	x86_64
libplist	2.7.0-1.fc44	x86_64
libpng	1.6.58-1.fc44	i686
libpng	1.6.58-1.fc44	x86_64
libppd	2.1.1-3.fc44	x86_64
libpq	18.0-4.fc44	x86_64
libproxy	0.5.12-2.fc44	i686
libproxy	0.5.12-2.fc44	x86_64
libproxy-bin	0.5.12-2.fc44	x86_64
libpskc	2.6.14-1.fc44	x86_64
libpsl	0.21.5-7.fc44	i686
libpsl	0.21.5-7.fc44	x86_64
libpwquality	1.4.5-15.fc44	x86_64
libqalculate	5.9.0-1.fc44	x86_64
libqb	2.0.9-2.fc44	x86_64
libqhull_r	8.0.2-8.fc44	x86_64
libqmi	1.36.0-3.fc44	x86_64
libqmi-utils	1.36.0-3.fc44	x86_64
libqrtr-glib	1.2.2-9.fc44	x86_64
libquadmath	16.1.1-2.fc44	x86_64
librabbitmq	0.15.0-4.fc44	x86_64
libraqm	0.10.1-4.fc44	x86_64
libraw1394	2.1.2-25.fc44	x86_64
libref_array	0.1.5-61.fc44	x86_64
librepo	1.20.0-5.fc44	x86_64
libreport	2.17.15-10.fc44	x86_64
libreport-anaconda	2.17.15-10.fc44	x86_64
libreport-cli	2.17.15-10.fc44	x86_64
libreport-fedora	2.17.15-10.fc44	x86_64
libreport-filesystem	2.17.15-10.fc44	noarch
libreport-gtk	2.17.15-10.fc44	x86_64
libreport-plugin-bugzilla	2.17.15-10.fc44	x86_64
libreport-plugin-kerneloops	2.17.15-10.fc44	x86_64
libreport-plugin-logger	2.17.15-10.fc44	x86_64
libreport-plugin-reportuploader	2.17.15-10.fc44	x86_64
libreport-plugin-systemd-journal	2.17.15-10.fc44	x86_64
libreport-plugin-ureport	2.17.15-10.fc44	x86_64
libreport-web	2.17.15-10.fc44	x86_64
libreswan	5.3-5.fc44	x86_64
libreswan-minimal	5.3-5.fc44	x86_64
librist	0.2.11-1.fc44	x86_64
librsvg2	2.62.2-1.fc44	i686
librsvg2	2.62.2-1.fc44	x86_64
librtmp	2.6-3.20240301.git6f6bb13.fc44	x86_64
librttopo	1.1.0-19.fc44	x86_64
libsamplerate	0.2.2-12.fc44	x86_64
libsane-airscan	0.99.36-2.fc44	x86_64
libsane-hpaio	3.26.4-2.fc44	x86_64
libsbc	2.1-2.fc44	i686
libsbc	2.1-2.fc44	x86_64
libseccomp	2.6.0-3.fc44	i686
libseccomp	2.6.0-3.fc44	x86_64
libsecret	0.21.7-10.fc44	x86_64
libselinux	3.10-1.fc44	i686
libselinux	3.10-1.fc44	x86_64
libselinux-utils	3.10-1.fc44	x86_64
libsemanage	3.10-1.fc44	x86_64
libsepol	3.10-1.fc44	i686
libsepol	3.10-1.fc44	x86_64
libserf	1.3.10-13.fc44	x86_64
libshaderc	2026.1-1.fc44	x86_64
libshout	2.4.6-10.fc44	x86_64
libsigc++20	2.12.2-1.fc44	x86_64
libsigc++30	3.8.1-1.fc44	x86_64
libsmartcols	2.41.4-8.fc44	x86_64
libsmbclient	4.24.3-1.fc44	x86_64
libsndfile	1.2.2-11.fc44	i686
libsndfile	1.2.2-11.fc44	x86_64
libsodium	1.0.22-1.fc44	x86_64
libsolv	0.7.39-1.fc44	x86_64
libsoup3	3.6.6-8.fc44	i686
libsoup3	3.6.6-8.fc44	x86_64
libspatialaudio	4.0-4.fc44	x86_64
libspatialite	5.1.0-12.fc44	x86_64
libspectre	0.2.12-11.fc44	x86_64
libsrtp	2.8.0-1.fc44	x86_64
libss	1.47.3-4.fc44	x86_64
libssh	0.12.0-1.fc44	i686
libssh	0.12.0-1.fc44	x86_64
libssh-config	0.12.0-1.fc44	noarch
libssh2	1.11.1-6.fc44	x86_64
libsss_certmap	2.13.0-1.fc44	x86_64
libsss_idmap	2.13.0-1.fc44	x86_64
libsss_nss_idmap	2.13.0-1.fc44	x86_64
libsss_sudo	2.13.0-1.fc44	x86_64
libstdc++	16.1.1-2.fc44	i686
libstdc++	16.1.1-2.fc44	x86_64
libstdc++-devel	16.1.1-2.fc44	x86_64
libstemmer	3.0.1-11.fc44	i686
libstemmer	3.0.1-11.fc44	x86_64
libtalloc	2.4.4-1.fc44	x86_64
libtasn1	4.21.0-1.fc44	i686
libtasn1	4.21.0-1.fc44	x86_64
libtdb	1.4.15-1.fc44	i686
libtdb	1.4.15-1.fc44	x86_64
libteam	1.32-13.fc44	x86_64
libtevent	0.17.1-4.fc44	x86_64
libtextstyle	0.26-5.fc44	x86_64
libthai	0.1.30-2.fc44	i686
libthai	0.1.30-2.fc44	x86_64
libtheora	1.1.1-41.fc44	i686
libtheora	1.1.1-41.fc44	x86_64
libtiff	4.7.1-2.fc44	i686
libtiff	4.7.1-2.fc44	x86_64
libtiger	0.3.4-35.fc44	x86_64
libtinysparql	3.11.1-1.fc44	i686
libtinysparql	3.11.1-1.fc44	x86_64
libtirpc	1.3.7-2.fc44	x86_64
libtommath	1.3.1~rc1-7.fc44	x86_64
libtool	2.5.4-10.fc44	x86_64
libtool-ltdl	2.5.4-10.fc44	i686
libtool-ltdl	2.5.4-10.fc44	x86_64
libtraceevent	1.8.4-5.fc44	x86_64
libtree-sitter	0.26.8-1.fc44	x86_64
libudfread	1.2.0-3.fc44	x86_64
libudisks2	2.11.1-2.fc44	x86_64
libultrahdr	1.4.0^20251202git8cbc983-1.fc44	x86_64
libunibreak	6.1-5.fc44	x86_64
libunistring	1.1-11.fc44	i686
libunistring	1.1-11.fc44	x86_64
libunity-gtk3-parser	0.0.0+17.04.20170403-24.fc44	x86_64
libunwind	1.8.3-1.fc44	i686
libunwind	1.8.3-1.fc44	x86_64
libupnp	1.14.30-1.fc44	x86_64
liburing	2.13-2.fc44	x86_64
libusb-compat-0.1	0.1.9-1.fc44	x86_64
libusb1	1.0.30-1.fc44	i686
libusb1	1.0.30-1.fc44	x86_64
libusbmuxd	2.1.1-1.fc44	x86_64
libuser	0.64-17.fc44	x86_64
libutempter	1.2.1-20.fc44	x86_64
libuuid	2.41.4-8.fc44	i686
libuuid	2.41.4-8.fc44	x86_64
libuv	1.51.0-3.fc44	x86_64
libv4l	1.32.0-3.fc44	i686
libv4l	1.32.0-3.fc44	x86_64
libva	2.23.0-3.fc44	i686
libva	2.23.0-3.fc44	x86_64
libva-intel-driver	2.4.1^20241027gitd30e013-3.fc44	x86_64
libva-intel-media-driver	26.1.5-1.fc44	x86_64
libvdpau	1.5-11.fc44	i686
libvdpau	1.5-11.fc44	x86_64
libverto	0.3.2-12.fc44	i686
libverto	0.3.2-12.fc44	x86_64
libverto-libev	0.3.2-12.fc44	x86_64
libvisual	0.4.2-4.fc44	i686
libvisual	0.4.2-4.fc44	x86_64
libvmaf	3.0.0-5.fc44	x86_64
libvncserver	0.9.15-6.fc44	x86_64
libvorbis	1.3.7-14.fc44	i686
libvorbis	1.3.7-14.fc44	x86_64
libvpl	2.16.0-2.fc44	x86_64
libvpx	1.15.0-5.fc44	x86_64
libvterm	0.3.3-7.fc44	x86_64
libwacom	2.19.0-1.fc44	x86_64
libwacom-data	2.19.0-1.fc44	noarch
libwayland-client	1.24.0-3.fc44	i686
libwayland-client	1.24.0-3.fc44	x86_64
libwayland-cursor	1.24.0-3.fc44	i686
libwayland-cursor	1.24.0-3.fc44	x86_64
libwayland-egl	1.24.0-3.fc44	i686
libwayland-egl	1.24.0-3.fc44	x86_64
libwayland-server	1.24.0-3.fc44	i686
libwayland-server	1.24.0-3.fc44	x86_64
libwbclient	4.24.3-1.fc44	x86_64
libwebp	1.6.0-3.fc44	i686
libwebp	1.6.0-3.fc44	x86_64
libwebp-tools	1.6.0-3.fc44	x86_64
libwinpr	3.26.0-4.fc44	x86_64
libwmf-lite	0.2.13-9.fc44	x86_64
libwnck3	43.3-2.fc44	x86_64
libxcb	1.17.0-7.fc44	i686
libxcb	1.17.0-7.fc44	x86_64
libxcrypt	4.5.2-3.fc44	i686
libxcrypt	4.5.2-3.fc44	x86_64
libxcrypt-devel	4.5.2-3.fc44	x86_64
libxcvt	0.1.2-11.fc44	x86_64
libxkbcommon	1.13.1-2.fc44	i686
libxkbcommon	1.13.1-2.fc44	x86_64
libxkbcommon-x11	1.13.1-2.fc44	x86_64
libxkbfile	1.1.3-5.fc44	x86_64
libxml2	2.12.10-6.fc44	i686
libxml2	2.12.10-6.fc44	x86_64
libxmlb	0.3.26-1.fc44	x86_64
libxshmfence	1.3.2-8.fc44	i686
libxshmfence	1.3.2-8.fc44	x86_64
libxslt	1.1.43-6.fc44	x86_64
libyaml	0.2.5-18.fc44	x86_64
libyuv	0-0.61.20260213git6067afd.fc44	i686
libyuv	0-0.61.20260213git6067afd.fc44	x86_64
libzip	1.11.4-3.fc44	x86_64
libzstd	1.5.7-5.fc44	i686
libzstd	1.5.7-5.fc44	x86_64
libzstd-devel	1.5.7-5.fc44	x86_64
lilv-libs	0.26.4-1.fc44	x86_64
linkdupes	0.7.3-2.fc44	x86_64
linux-atm-libs	2.5.1-46.fc44	x86_64
linux-firmware	20260519-1.fc44	noarch
linux-firmware-whence	20260519-1.fc44	noarch
lirc-libs	0.10.2-5.fc44	x86_64
live555	2026.04.01-1.fc44	x86_64
livesys-scripts	0.9.6-1.fc44	noarch
lksctp-tools	1.0.21-3.fc44	x86_64
lldb	22.1.6-1.fc44	x86_64
llvm-filesystem	22.1.6-1.fc44	i686
llvm-filesystem	22.1.6-1.fc44	x86_64
llvm-libs	22.1.6-1.fc44	i686
llvm-libs	22.1.6-1.fc44	x86_64
lm_sensors	3.6.0-24.fc44	x86_64
lm_sensors-libs	3.6.0-24.fc44	i686
lm_sensors-libs	3.6.0-24.fc44	x86_64
lmdb-libs	0.9.34-2.fc44	x86_64
localsearch	3.11.1-1.fc44	x86_64
lockdev	1.0.4-0.54.20111007git.fc44	i686
lockdev	1.0.4-0.54.20111007git.fc44	x86_64
logrotate	3.22.0-5.fc44	x86_64
low-memory-monitor	2.1-14.fc44	x86_64
lpcnetfreedv	0.5-10.fc44	x86_64
lrzsz	0.12.20-76.fc44	x86_64
lsb_release	3.3-8.fc44	noarch
lsof	4.98.0-9.fc44	x86_64
ltrace	0.8.1-2.fc44	x86_64
lttng-ust	2.14.0-5.fc44	x86_64
lua-libs	5.4.8-5.fc44	x86_64
lua-srpm-macros	1-17.fc44	noarch
lua5.1-lpeg	1.1.0-7.fc44	x86_64
luajit	2.1.1767980792-1.fc44	x86_64
luajit2.1-luv	1.51.0.2-2.fc44	x86_64
luksmeta	10-2.fc44	x86_64
lvm2	2.03.38-2.fc44	x86_64
lvm2-dbusd	2.03.38-2.fc44	noarch
lvm2-libs	2.03.38-2.fc44	x86_64
lz4-libs	1.10.0-4.fc44	x86_64
lzo	2.10-16.fc44	i686
lzo	2.10-16.fc44	x86_64
m17n-db	1.8.12-1.fc44	noarch
m17n-lib	1.8.6-3.fc44	x86_64
m4	1.4.21-1.fc44	x86_64
mactel-boot	0.9-37.fc44	x86_64
madan-fonts	2.000-43.fc44	noarch
mailcap	2.1.54-10.fc44	noarch
make	4.4.1-12.fc44	x86_64
makedumpfile	1.7.9-1.fc44	x86_64
mako	1.11.0-1.fc44	x86_64
malcontent-libs	0.14.0-1.fc44	x86_64
maliit-framework	2.3.0-11.fc44	x86_64
maliit-framework-qt5	2.3.0-11.fc44	x86_64
maliit-keyboard	2.3.1-12.fc44	x86_64
man-db	2.13.1-3.fc44	x86_64
man-pages	6.13-3.fc44	noarch
mariadb-connector-c	3.4.8-3.fc44	x86_64
mariadb-connector-c-config	3.4.8-3.fc44	noarch
markdownpart	26.04.2-1.fc44	x86_64
mathjax3	3.2.2-10.fc44	noarch
mbedtls	3.6.6-2.fc44	x86_64
mcelog	175-14.fc44	x86_64
mdadm	4.3-11.fc44	x86_64
media-player-info	23-20.fc44	noarch
mediawriter	5.3.1-1.fc44	x86_64
meld	3.23.1-2.fc44	noarch
memstrack	0.2.5-8.fc44	x86_64
mesa-demos	9.0.0-11.fc44	x86_64
mesa-dri-drivers	26.0.8-1.fc44	i686
mesa-dri-drivers	26.0.8-1.fc44	x86_64
mesa-filesystem	26.0.8-1.fc44	i686
mesa-filesystem	26.0.8-1.fc44	x86_64
mesa-libEGL	26.0.8-1.fc44	i686
mesa-libEGL	26.0.8-1.fc44	x86_64
mesa-libGL	26.0.8-1.fc44	i686
mesa-libGL	26.0.8-1.fc44	x86_64
mesa-libGLU	9.0.3-8.fc44	x86_64
mesa-libgbm	26.0.8-1.fc44	i686
mesa-libgbm	26.0.8-1.fc44	x86_64
mesa-vulkan-drivers	26.0.8-1.fc44	i686
mesa-vulkan-drivers	26.0.8-1.fc44	x86_64
microcode_ctl	2.1-74.fc44	x86_64
mingw-binutils-generic	2.46.0-1.fc44	x86_64
mingw-filesystem-base	151-1.fc44	noarch
mingw32-FAudio	25.05-4.fc44	noarch
mingw32-SDL3	3.4.10-1.fc44	noarch
mingw32-crt	13.0.0-3.fc44	noarch
mingw32-filesystem	151-1.fc44	noarch
mingw32-lcms2	2.14-9.fc44	noarch
mingw32-libgcc	16.1.1-1.fc44	x86_64
mingw32-libjpeg-turbo	3.1.2-2.fc44	noarch
mingw32-libpng	1.6.58-1.fc44	noarch
mingw32-libstdc++	16.1.1-1.fc44	x86_64
mingw32-libtiff	4.7.1-2.fc44	noarch
mingw32-libxml2	2.12.10-3.fc44	noarch
mingw32-libxslt	1.1.43-5.fc44	noarch
mingw32-vkd3d	1.17-2.fc44	noarch
mingw32-win-iconv	0.0.10-4.fc44	noarch
mingw32-winpthreads	13.0.0-3.fc44	noarch
mingw32-zlib	1.3.2-1.fc44	noarch
mingw64-FAudio	25.05-4.fc44	noarch
mingw64-SDL3	3.4.10-1.fc44	noarch
mingw64-crt	13.0.0-3.fc44	noarch
mingw64-filesystem	151-1.fc44	noarch
mingw64-lcms2	2.14-9.fc44	noarch
mingw64-libgcc	16.1.1-1.fc44	x86_64
mingw64-libjpeg-turbo	3.1.2-2.fc44	noarch
mingw64-libpng	1.6.58-1.fc44	noarch
mingw64-libstdc++	16.1.1-1.fc44	x86_64
mingw64-libtiff	4.7.1-2.fc44	noarch
mingw64-libxml2	2.12.10-3.fc44	noarch
mingw64-libxslt	1.1.43-5.fc44	noarch
mingw64-vkd3d	1.17-2.fc44	noarch
mingw64-win-iconv	0.0.10-4.fc44	noarch
mingw64-winpthreads	13.0.0-3.fc44	noarch
mingw64-zlib	1.3.2-1.fc44	noarch
minicom	2.11.1-1.fc44	x86_64
minizip-ng-compat	4.1.0-1.fc44	x86_64
mjpegtools-libs	2.2.1-12.fc44	x86_64
mkfontscale	1.2.3-4.fc44	x86_64
mkpasswd	5.6.6-1.fc44	x86_64
mobile-broadband-provider-info	20240407-5.fc44	noarch
mod_http2	2.0.39-1.fc44	x86_64
mod_lua	2.4.67-1.fc44	x86_64
mokutil	0.7.2-3.fc44	x86_64
mpage	2.5.7-24.fc44	x86_64
mpdecimal	4.0.1-3.fc44	x86_64
mpfr	4.2.2-3.fc44	x86_64
mpg123-libs	1.32.10-3.fc44	i686
mpg123-libs	1.32.10-3.fc44	x86_64
mt7xxx-firmware	20260519-1.fc44	noarch
mtdev	1.1.6-12.fc44	x86_64
mtools	4.0.49-3.fc44	x86_64
mtr	0.95-14.fc44	x86_64
muParser	2.3.5-5.fc44	x86_64
nano	8.7.1-2.fc44	x86_64
nano-default-editor	8.7.1-2.fc44	noarch
ncurses	6.6-1.fc44	x86_64
ncurses-base	6.6-1.fc44	noarch
ncurses-libs	6.6-1.fc44	i686
ncurses-libs	6.6-1.fc44	x86_64
ndctl	84-1.fc44	x86_64
ndctl-libs	84-1.fc44	x86_64
neon	0.37.1-1.fc44	x86_64
neovim	0.12.2-2.fc44	x86_64
net-snmp-libs	5.9.5.2-4.fc44	x86_64
net-tools	2.0-0.77.20160912git.fc44	x86_64
netavark	1.17.2-1.fc44	x86_64
netcdf	4.9.3-2.fc44	x86_64
netpbm	11.13.00-2.fc44	x86_64
nettle	3.10.1-3.fc44	i686
nettle	3.10.1-3.fc44	x86_64
network-manager-applet	1.36.0-7.fc44	x86_64
nextdns	1.47.3-1	x86_64
nfs-client-utils	2.8.7-4.fc44	x86_64
nfs-common-utils	2.8.7-4.fc44	x86_64
nfs-utils	2.8.7-4.fc44	x86_64
nfsv3-client-utils	2.8.7-4.fc44	x86_64
nfsv4-client-utils	2.8.7-4.fc44	x86_64
nftables	1.1.6-2.fc44	x86_64
nftables-services	1.1.6-2.fc44	noarch
ngtcp2	1.22.1-1.fc44	i686
ngtcp2	1.22.1-1.fc44	x86_64
ngtcp2-crypto-gnutls	1.22.1-1.fc44	x86_64
ngtcp2-crypto-ossl	1.22.1-1.fc44	i686
ngtcp2-crypto-ossl	1.22.1-1.fc44	x86_64
nilfs-utils	2.2.11-8.fc44	x86_64
ninja-build	1.13.2-2.fc44	x86_64
nm-connection-editor	1.36.0-7.fc44	x86_64
nmap-ncat	7.92-8.fc44	x86_64
nodejs	22.22.2-2.fc43	x86_64
nodejs-docs	22.22.2-2.fc43	noarch
nodejs-full-i18n	22.22.2-2.fc43	x86_64
nodejs-libs	22.22.2-2.fc43	x86_64
nodejs-npm	10.9.7-1.22.22.2.2.fc43	x86_64
npth	1.8-4.fc44	x86_64
nspr	4.38.2-11.fc44	x86_64
nss	3.123.1-1.fc44	x86_64
nss-mdns	0.15.1-28.fc44	i686
nss-mdns	0.15.1-28.fc44	x86_64
nss-softokn	3.123.1-1.fc44	x86_64
nss-softokn-freebl	3.123.1-1.fc44	x86_64
nss-sysinit	3.123.1-1.fc44	x86_64
nss-tools	3.123.1-1.fc44	x86_64
nss-util	3.123.1-1.fc44	x86_64
ntfs-3g	2026.2.25-1.fc44	x86_64
ntfs-3g-libs	2026.2.25-1.fc44	x86_64
ntfs-3g-system-compression	1.1-2.fc44	x86_64
ntfsprogs	2026.2.25-1.fc44	x86_64
numactl-libs	2.0.19-4.fc44	x86_64
nvidia-gpu-firmware	20260519-1.fc44	noarch
nvidia-modprobe	595.71.05-1.fc44	x86_64
nvidia-persistenced	595.71.05-1.fc44	x86_64
nvidia-settings	595.71.05-1.fc44	x86_64
nvme-cli	2.16-2.fc44	x86_64
nvtop	3.3.2-1.fc44	x86_64
nxpwireless-firmware	20260519-1.fc44	noarch
ocaml-srpm-macros	11-3.fc44	noarch
ocean-sound-theme	6.6.5-1.fc44	noarch
ocfs2-tools	1.8.9-2.fc44	x86_64
okular	26.04.2-1.fc44	x86_64
okular-libs	26.04.2-1.fc44	x86_64
okular-part	26.04.2-1.fc44	x86_64
oniguruma	6.9.10-4.fc44	x86_64
onnx-libs	1.17.0-12.fc44	x86_64
onnxruntime	1.22.2-2.fc44	x86_64
open-sans-fonts	1.10-25.fc44	noarch
open-vm-tools	13.1.0-2.fc44	x86_64
open-vm-tools-desktop	13.1.0-2.fc44	x86_64
openal-soft	1.24.2-6.fc44	x86_64
openapv-libs	0.2.1.2-1.fc44	x86_64
openblas	0.3.29-2.fc43	x86_64
openblas-openmp	0.3.29-2.fc43	x86_64
openblas-openmp64	0.3.29-2.fc43	x86_64
openblas-serial	0.3.29-2.fc43	x86_64
openblas-srpm-macros	2-21.fc44	noarch
opencl-filesystem	1.0-24.fc44	noarch
openconnect	9.12-11.fc44	x86_64
opencore-amr	0.1.6-10.fc44	x86_64
opencv-bgsegm	4.13.0-1.fc44	x86_64
opencv-calib3d	4.13.0-1.fc44	x86_64
opencv-core	4.13.0-1.fc44	x86_64
opencv-data	4.13.0-1.fc44	noarch
opencv-dnn	4.13.0-1.fc44	x86_64
opencv-features2d	4.13.0-1.fc44	x86_64
opencv-flann	4.13.0-1.fc44	x86_64
opencv-imgcodecs	4.13.0-1.fc44	x86_64
opencv-imgproc	4.13.0-1.fc44	x86_64
opencv-objdetect	4.13.0-1.fc44	x86_64
opencv-tracking	4.13.0-1.fc44	x86_64
opencv-video	4.13.0-1.fc44	x86_64
openexr-libs	3.2.4-7.fc44	x86_64
openh264	2.6.0-3.fc44	x86_64
openjpeg	2.5.4-3.fc44	i686
openjpeg	2.5.4-3.fc44	x86_64
openldap	2.6.13-1.fc44	i686
openldap	2.6.13-1.fc44	x86_64
openpace	1.1.3-5.fc44	x86_64
openpgm	5.3.128-6.fc44	x86_64
opensc	0.27.1-2.fc44	x86_64
opensc-libs	0.27.1-2.fc44	x86_64
openssh	10.2p1-10.fc44	x86_64
openssh-askpass	10.2p1-10.fc44	x86_64
openssh-clients	10.2p1-10.fc44	x86_64
openssh-server	10.2p1-10.fc44	x86_64
openssl	3.5.5-2.fc44	x86_64
openssl-devel	3.5.5-2.fc44	x86_64
openssl-libs	3.5.5-2.fc44	i686
openssl-libs	3.5.5-2.fc44	x86_64
openvpn	2.7.3-1.fc44	x86_64
openxr-libs	1.1.60-1.fc44	x86_64
optipng	7.9.1-3.fc44	x86_64
opus	1.6-2.fc44	i686
opus	1.6-2.fc44	x86_64
opus-tools	0.2-20.fc44	x86_64
opusfile	0.12-18.fc44	x86_64
orc	0.4.41-3.fc44	i686
orc	0.4.41-3.fc44	x86_64
orca	50.2-1.fc44	noarch
os-prober	1.81-11.fc44	x86_64
osinfo-db	20251212-1.fc44	noarch
osinfo-db-tools	1.12.0-5.fc44	x86_64
ostree-libs	2026.1-1.fc44	x86_64
p11-kit	0.26.2-1.fc44	i686
p11-kit	0.26.2-1.fc44	x86_64
p11-kit-server	0.26.2-1.fc44	x86_64
p11-kit-trust	0.26.2-1.fc44	x86_64
package-notes-srpm-macros	0.18-1.fc44	noarch
paktype-naskh-basic-fonts	7.0-4.20231228.fc44	noarch
pam	1.7.2-1.fc44	x86_64
pam-kwallet	6.6.5-1.fc44	x86_64
pam-libs	1.7.2-1.fc44	i686
pam-libs	1.7.2-1.fc44	x86_64
pam_passwdqc	2.0.3-9.fc44	x86_64
pamixer	1.6-7.fc44	x86_64
pandoc-cli	3.7.0.2-40.fc44	x86_64
pandoc-common	3.7.0.2-39.fc44	noarch
pango	1.57.1-1.fc44	i686
pango	1.57.1-1.fc44	x86_64
pangomm	2.46.4-5.fc44	x86_64
pangomm2.48	2.56.1-3.fc44	x86_64
paps	0.8.0-15.fc44	x86_64
parallel	20260522-1.fc44	noarch
parquet-libs	23.0.1-1.fc44	x86_64
parted	3.6-14.fc44	x86_64
passim	0.1.11-1.fc44	x86_64
passim-libs	0.1.11-1.fc44	x86_64
passt	0^20260526.g038c51e-1.fc44	x86_64
passt-selinux	0^20260526.g038c51e-1.fc44	noarch
passwdqc	2.0.3-9.fc44	x86_64
passwdqc-utils	2.0.3-9.fc44	x86_64
patch	2.8-4.fc44	x86_64
patchutils	0.4.4-3.fc44	x86_64
pavucontrol	6.1-5.fc44	x86_64
pcaudiolib	1.1-19.fc44	x86_64
pciutils	3.14.0-3.fc44	x86_64
pciutils-libs	3.14.0-3.fc44	x86_64
pcre2	10.47-1.fc44.1	i686
pcre2	10.47-1.fc44.1	x86_64
pcre2-syntax	10.47-1.fc44.1	noarch
pcre2-utf16	10.47-1.fc44.1	x86_64
pcre2-utf32	10.47-1.fc44.1	x86_64
pcsc-lite	2.4.1-2.fc44	x86_64
pcsc-lite-ccid	1.7.1-2.fc44	x86_64
pcsc-lite-libs	2.4.1-2.fc44	x86_64
perf	7.0.11-200.fc44	x86_64
perl-Authen-SASL	2.2000-1.fc44	noarch
perl-AutoLoader	5.74-524.fc44	noarch
perl-B	1.89-524.fc44	x86_64
perl-B-Hooks-EndOfScope	0.28-5.fc44	noarch
perl-Business-ISBN	3.014-1.fc44	noarch
perl-Business-ISBN-Data	20260317.001-1.fc44	noarch
perl-Business-ISMN	1.205-3.fc44	noarch
perl-Business-ISSN	1.008-3.fc44	noarch
perl-Carp	1.54-521.fc44	noarch
perl-Class-Accessor	0.51-24.fc44	noarch
perl-Class-Data-Inheritable	0.10-4.fc44	noarch
perl-Class-Inspector	1.36-20.fc44	noarch
perl-Class-Method-Modifiers	2.15-8.fc44	noarch
perl-Class-Singleton	1.6-15.fc44	noarch
perl-Class-Struct	0.68-524.fc44	noarch
perl-Class-XSAccessor	1.19-40.fc44	x86_64
perl-Clone	0.48-1.fc44	x86_64
perl-Clone-PP	1.08-15.fc44	noarch
perl-Compress-Raw-Bzip2	2.217-1.fc44	x86_64
perl-Compress-Raw-Zlib	2.222-1.fc44	x86_64
perl-Convert-ASN1	0.34-7.fc44	noarch
perl-Cpanel-JSON-XS	4.41-1.fc44	x86_64
perl-Crypt-URandom	0.55-1.fc44	x86_64
perl-Data-Compare	1.29-8.fc44	noarch
perl-Data-Dump	1.25-14.fc44	noarch
perl-Data-Dumper	2.191-522.fc44	x86_64
perl-Data-OptList	0.114-8.fc44	noarch
perl-Data-Uniqid	0.12-38.fc44	noarch
perl-Date-ISO8601	0.005-24.fc44	noarch
perl-Date-Manip	6.99-1.fc44	noarch
perl-DateTime	1.66-5.fc44	x86_64
perl-DateTime-Calendar-Julian	0.107-12.fc44	noarch
perl-DateTime-Format-Builder	0.8300-17.fc44	noarch
perl-DateTime-Format-Strptime	1.80-2.fc44	noarch
perl-DateTime-Locale	1.45-3.fc44	noarch
perl-DateTime-TimeZone	2.68-1.fc44	noarch
perl-DateTime-TimeZone-SystemV	0.010-25.fc44	noarch
perl-DateTime-TimeZone-Tzfile	0.011-25.fc44	noarch
perl-Devel-CallChecker	0.009-11.fc44	x86_64
perl-Devel-Caller	2.07-11.fc44	x86_64
perl-Devel-GlobalDestruction	0.14-28.fc44	noarch
perl-Devel-LexAlias	0.05-42.fc44	x86_64
perl-Devel-StackTrace	2.05-7.fc44	noarch
perl-Digest	1.20-521.fc44	noarch
perl-Digest-HMAC	1.05-4.fc44	noarch
perl-Digest-MD5	2.59-521.fc44	x86_64
perl-Digest-SHA	6.04-522.fc44	x86_64
perl-Dist-CheckConflicts	0.11-34.fc44	noarch
perl-DynaLoader	1.57-524.fc44	x86_64
perl-DynaLoader-Functions	0.004-8.fc44	noarch
perl-Email-Date-Format	1.008-8.fc44	noarch
perl-Encode	3.21-521.fc44	x86_64
perl-Encode-Locale	1.05-33.fc44	noarch
perl-English	1.11-524.fc44	noarch
perl-Errno	1.38-524.fc44	x86_64
perl-Error	0.17030-3.fc44	noarch
perl-Eval-Closure	0.14-27.fc44	noarch
perl-Exception-Class	1.45-14.fc44	noarch
perl-Exporter	5.79-521.fc44	noarch
perl-Exporter-Tiny	1.006003-2.fc44	noarch
perl-ExtUtils-MM-Utils	7.76-522.fc44	noarch
perl-Fcntl	1.20-524.fc44	x86_64
perl-File-Basename	2.86-524.fc44	noarch
perl-File-Compare	1.100.800-524.fc44	noarch
perl-File-Copy	2.41-524.fc44	noarch
perl-File-Find	1.44-524.fc44	noarch
perl-File-Find-Rule	0.35-3.fc44	noarch
perl-File-Listing	6.16-7.fc44	noarch
perl-File-Path	2.18-522.fc44	noarch
perl-File-ShareDir	1.118-15.fc44	noarch
perl-File-Slurper	0.014-9.fc44	noarch
perl-File-Temp	0.231.200-2.fc44	noarch
perl-File-stat	1.14-524.fc44	noarch
perl-FileHandle	2.05-524.fc44	noarch
perl-Filter	1.65-2.fc44	x86_64
perl-FindBin	1.54-524.fc44	noarch
perl-GD	2.84-2.fc44	x86_64
perl-GD-Barcode	2.02-2.fc44	noarch
perl-GSSAPI	0.28-51.fc44	x86_64
perl-Getopt-Long	2.58-521.fc44	noarch
perl-Getopt-Std	1.14-524.fc44	noarch
perl-Git	2.54.0-1.fc44	noarch
perl-HTML-Parser	3.85-1.fc44	x86_64
perl-HTML-Tagset	3.24-5.fc44	noarch
perl-HTTP-Cookies	6.11-7.fc44	noarch
perl-HTTP-Date	6.06-8.fc44	noarch
perl-HTTP-Message	7.01-2.fc44	noarch
perl-HTTP-Negotiate	6.01-42.fc44	noarch
perl-HTTP-Tiny	0.094-1.fc44	noarch
perl-Hash-Util-FieldHash	1.27-524.fc44	x86_64
perl-I18N-LangTags	0.45-524.fc44	noarch
perl-I18N-Langinfo	0.24-524.fc44	x86_64
perl-IO	1.55-524.fc44	x86_64
perl-IO-Compress	2.217-1.fc44	noarch
perl-IO-Compress-Brotli	0.019000-5.fc44	x86_64
perl-IO-HTML	1.004-16.fc44	noarch
perl-IO-Socket-IP	0.43-522.fc44	noarch
perl-IO-Socket-SSL	2.098-2.fc44	noarch
perl-IO-String	1.08-54.fc44	noarch
perl-IPC-Cmd	1.04-522.fc44	noarch
perl-IPC-Open3	1.24-524.fc44	noarch
perl-IPC-Run3	0.049-5.fc44	noarch
perl-IPC-SysV	2.09-522.fc44	x86_64
perl-IPC-System-Simple	1.30-17.fc44	noarch
perl-JSON	4.10-9.fc44	noarch
perl-JSON-PP	4.16-523.fc44	noarch
perl-LDAP	0.68-17.fc44	noarch
perl-LWP-MediaTypes	6.04-22.fc44	noarch
perl-LWP-Protocol-https	6.14-5.fc44	noarch
perl-Lingua-Translit	0.29-11.fc44	noarch
perl-List-AllUtils	0.19-16.fc44	noarch
perl-List-MoreUtils	0.430-15.fc44	noarch
perl-List-MoreUtils-XS	0.430-19.fc44	x86_64
perl-List-SomeUtils	0.59-9.fc44	noarch
perl-List-UtilsBy	0.12-13.fc44	noarch
perl-Locale-Maketext	1.33-522.fc44	noarch
perl-Locale-Maketext-Simple	0.21-524.fc44	noarch
perl-Log-Dispatch	2.71-8.fc44	noarch
perl-Log-Dispatch-FileRotate	1.38-13.fc44	noarch
perl-Log-Log4perl	1.57-9.fc44	noarch
perl-MIME-Base32	1.303-25.fc44	noarch
perl-MIME-Base64	3.16-521.fc44	x86_64
perl-MIME-Charset	1.013.1-10.fc44	noarch
perl-MIME-Lite	3.035-4.fc44	noarch
perl-MIME-Types	2.30-2.fc44	noarch
perl-MRO-Compat	0.15-13.fc44	noarch
perl-Mail-Sender	0.903-28.fc44	noarch
perl-Mail-Sendmail	0.82-3.fc44	noarch
perl-MailTools	2.22-4.fc44	noarch
perl-Math-BigInt	2.0050.03-4.fc44	noarch
perl-Math-Complex	1.63-524.fc44	noarch
perl-Module-CoreList	5.20260420-1.fc44	noarch
perl-Module-Implementation	0.09-43.fc44	noarch
perl-Module-Load	0.36-521.fc44	noarch
perl-Module-Load-Conditional	0.74-521.fc44	noarch
perl-Module-Metadata	1.000038-521.fc44	noarch
perl-Module-Runtime	0.018-3.fc44	noarch
perl-Mozilla-CA	20250602-3.fc44	noarch
perl-NDBM_File	1.18-524.fc44	x86_64
perl-NTLM	1.09-42.fc44	noarch
perl-Net-HTTP	6.24-2.fc44	noarch
perl-Net-SMTP-SSL	1.04-28.fc44	noarch
perl-Net-SSLeay	1.94-12.fc44	x86_64
perl-Number-Compare	0.03-42.fc44	noarch
perl-Opcode	1.69-524.fc44	x86_64
perl-POSIX	2.23-524.fc44	x86_64
perl-Package-Generator	1.106-35.fc44	noarch
perl-Package-Stash	0.40-11.fc44	noarch
perl-Package-Stash-XS	0.30-13.fc44	x86_64
perl-PadWalker	2.5-19.fc44	x86_64
perl-Params-Check	0.38-521.fc44	noarch
perl-Params-Classify	0.015-28.fc44	x86_64
perl-Params-Util	1.102-20.fc44	x86_64
perl-Params-Validate	1.31-13.fc44	x86_64
perl-Params-ValidationCompiler	0.31-9.fc44	noarch
perl-Parse-RecDescent	1.967015-26.fc44	noarch
perl-PathTools	3.94-521.fc44	x86_64
perl-PerlIO-utf8_strict	0.010-12.fc44	x86_64
perl-Pod-Escapes	1.07-521.fc44	noarch
perl-Pod-Html	1.35-524.fc44	noarch
perl-Pod-Perldoc	3.28.01-522.fc44	noarch
perl-Pod-Simple	3.47-4.fc44	noarch
perl-Pod-Usage	2.05-521.fc44	noarch
perl-Ref-Util	0.204-24.fc44	noarch
perl-Ref-Util-XS	0.117-28.fc44	x86_64
perl-Regexp-Common	2024080801-4.fc44	noarch
perl-Role-Tiny	2.002004-15.fc44	noarch
perl-Safe	2.47-524.fc44	noarch
perl-Scalar-List-Utils	1.70-2.fc44	x86_64
perl-SelectSaver	1.02-524.fc44	noarch
perl-Socket	2.040-3.fc44	x86_64
perl-Sort-Key	1.33-36.fc44	x86_64
perl-Specio	0.53-2.fc44	noarch
perl-Storable	3.37-522.fc44	x86_64
perl-Sub-Exporter	0.991-7.fc44	noarch
perl-Sub-Exporter-Progressive	0.001013-28.fc44	noarch
perl-Sub-Install	0.929-9.fc44	noarch
perl-Symbol	1.09-524.fc44	noarch
perl-Sys-Hostname	1.25-524.fc44	x86_64
perl-Sys-Hostname-Long	1.5-33.fc44	noarch
perl-Sys-Syslog	0.36-522.fc44	x86_64
perl-Term-ANSIColor	5.01-522.fc44	noarch
perl-Term-Cap	1.18-521.fc44	noarch
perl-Term-ReadLine	1.17-524.fc44	noarch
perl-TermReadKey	2.38-27.fc44	x86_64
perl-Text-Balanced	2.07-2.fc44	noarch
perl-Text-BibTeX	0.91-4.fc44	x86_64
perl-Text-CSV	2.06-2.fc44	noarch
perl-Text-Glob	0.11-27.fc44	noarch
perl-Text-ParseWords	3.31-521.fc44	noarch
perl-Text-Roman	3.5-32.fc44	noarch
perl-Text-Soundex	3.05-36.fc44	x86_64
perl-Text-Tabs+Wrap	2024.001-521.fc44	noarch
perl-Text-Unidecode	1.30-28.fc44	noarch
perl-Thread-Queue	3.14-521.fc44	noarch
perl-Tie	4.6-524.fc44	noarch
perl-Tie-Cycle	1.231-3.fc44	noarch
perl-Tie-RefHash	1.41-521.fc44	noarch
perl-Time-HiRes	1.9778-521.fc44	x86_64
perl-Time-Local	1.350-521.fc44	noarch
perl-TimeDate	2.33-18.fc44	noarch
perl-Try-Tiny	0.32-4.fc44	noarch
perl-URI	5.34-3.fc44	noarch
perl-Unicode-Collate	1.31-521.fc44	x86_64
perl-Unicode-LineBreak	2019.001-26.fc44	x86_64
perl-Unicode-Normalize	1.32-521.fc44	x86_64
perl-Unicode-UCD	0.81-524.fc44	noarch
perl-Variable-Magic	0.64-7.fc44	x86_64
perl-WWW-RobotRules	6.02-43.fc44	noarch
perl-XML-DOM	1.46-28.fc44	noarch
perl-XML-Dumper	0.81-53.fc44	noarch
perl-XML-LibXML	2.0213-1.fc44	x86_64
perl-XML-LibXML-Simple	1.01-19.fc44	noarch
perl-XML-LibXSLT	2.003.000-6.fc44	x86_64
perl-XML-NamespaceSupport	1.12-27.fc44	noarch
perl-XML-Parser	2.57-1.fc44	x86_64
perl-XML-RegExp	0.04-37.fc44	noarch
perl-XML-SAX	1.02-20.fc44	noarch
perl-XML-SAX-Base	1.09-27.fc44	noarch
perl-XML-Writer	0.900-18.fc44	noarch
perl-XML-XPath	1.49-1.fc44	noarch
perl-XString	0.005-18.fc44	x86_64
perl-autodie	2.37-522.fc44	noarch
perl-autovivification	0.18-28.fc44	x86_64
perl-base	2.27-524.fc44	noarch
perl-constant	1.33-522.fc44	noarch
perl-deprecate	0.04-524.fc44	noarch
perl-encoding	3.00-521.fc44	x86_64
perl-if	0.61.000-524.fc44	noarch
perl-interpreter	5.42.2-524.fc44	x86_64
perl-lib	0.65-524.fc44	x86_64
perl-libnet	3.15-522.fc44	noarch
perl-libs	5.42.2-524.fc44	x86_64
perl-libwww-perl	6.83-1.fc44	noarch
perl-locale	1.13-524.fc44	noarch
perl-meta-notation	5.42.2-524.fc44	noarch
perl-mro	1.29-524.fc44	x86_64
perl-namespace-autoclean	0.31-4.fc44	noarch
perl-namespace-clean	0.27-30.fc44	noarch
perl-open	1.13-524.fc44	noarch
perl-overload	1.40-524.fc44	noarch
perl-overloading	0.02-524.fc44	noarch
perl-parent	0.244-521.fc44	noarch
perl-podlators	6.0.2-521.fc44	noarch
perl-sigtrap	1.10-524.fc44	noarch
perl-srpm-macros	1-61.fc44	noarch
perl-subs	1.04-524.fc44	noarch
perl-threads	2.43-521.fc44	x86_64
perl-threads-shared	1.70-521.fc44	x86_64
perl-vars	1.05-524.fc44	noarch
perl-version	0.99.33-522.fc44	x86_64
perltidy	20260204-1.fc44	noarch
phonon-backend-vlc-common	0.12.0-8.fc44	noarch
phonon-common	4.12.0-11.fc44	noarch
phonon-qt5	4.12.0-11.fc44	x86_64
phonon-qt5-backend-vlc	0.12.0-8.fc44	x86_64
phonon-qt6	4.12.0-11.fc44	x86_64
phonon-qt6-backend-vlc	0.12.0-8.fc44	x86_64
pinentry	1.3.2-3.fc44	x86_64
pinentry-qt	1.3.2-3.fc44	x86_64
pinfo	0.6.13-10.fc44	x86_64
pipewire	1.6.6-1.fc44	i686
pipewire	1.6.6-1.fc44	x86_64
pipewire-alsa	1.6.6-1.fc44	x86_64
pipewire-codec-aptx	1.5.84-2.fc44	x86_64
pipewire-config-raop	1.6.6-1.fc44	x86_64
pipewire-gstreamer	1.6.6-1.fc44	x86_64
pipewire-jack-audio-connection-kit	1.6.6-1.fc44	x86_64
pipewire-jack-audio-connection-kit-libs	1.6.6-1.fc44	x86_64
pipewire-libs	1.6.6-1.fc44	i686
pipewire-libs	1.6.6-1.fc44	x86_64
pipewire-plugin-libcamera	1.6.6-1.fc44	x86_64
pipewire-pulseaudio	1.6.6-1.fc44	x86_64
pipewire-utils	1.6.6-1.fc44	x86_64
pipx	1.12.0-1.fc44	noarch
pixman	0.46.2-3.fc44	i686
pixman	0.46.2-3.fc44	x86_64
pkcs11-helper	1.30.0-5.fc44	x86_64
pkcs11-provider	1.1-3.fc44	x86_64
pkgconf	2.5.1-1.fc44	x86_64
pkgconf-m4	2.5.1-1.fc44	noarch
pkgconf-pkg-config	2.5.1-1.fc44	x86_64
plasma-activities	6.6.5-1.fc44	x86_64
plasma-activities-stats	6.6.5-1.fc44	x86_64
plasma-breeze	6.6.5-1.fc44	x86_64
plasma-breeze-common	6.6.5-1.fc44	noarch
plasma-breeze-qt5	6.6.5-1.fc44	x86_64
plasma-breeze-qt6	6.6.5-1.fc44	x86_64
plasma-desktop	6.6.5-1.fc44	x86_64
plasma-desktop-doc	6.6.5-1.fc44	noarch
plasma-discover	6.6.5-1.fc44	x86_64
plasma-discover-flatpak	6.6.5-1.fc44	x86_64
plasma-discover-kns	6.6.5-1.fc44	x86_64
plasma-discover-libs	6.6.5-1.fc44	x86_64
plasma-discover-notifier	6.6.5-1.fc44	x86_64
plasma-discover-offline-updates	6.6.5-1.fc44	x86_64
plasma-discover-packagekit	6.6.5-1.fc44	x86_64
plasma-disks	6.6.5-1.fc44	x86_64
plasma-drkonqi	6.6.5-1.fc44	x86_64
plasma-integration	6.6.5-1.fc44	x86_64
plasma-integration-qt5	6.6.5-1.fc44	x86_64
plasma-keyboard	6.6.5-1.fc44	x86_64
plasma-login-manager	6.6.5-1.fc44	x86_64
plasma-lookandfeel-fedora	6.6.5-2.fc44	noarch
plasma-milou	6.6.5-1.fc44	x86_64
plasma-nm	6.6.5-1.fc44	x86_64
plasma-nm-l2tp	6.6.5-1.fc44	x86_64
plasma-nm-openconnect	6.6.5-1.fc44	x86_64
plasma-nm-openswan	6.6.5-1.fc44	x86_64
plasma-nm-openvpn	6.6.5-1.fc44	x86_64
plasma-nm-pptp	6.6.5-1.fc44	x86_64
plasma-nm-vpnc	6.6.5-1.fc44	x86_64
plasma-pa	6.6.5-1.fc44	x86_64
plasma-print-manager	6.6.5-1.fc44	x86_64
plasma-print-manager-libs	6.6.5-1.fc44	x86_64
plasma-setup	6.6.5-1.fc44	x86_64
plasma-systemmonitor	6.6.5-1.fc44	x86_64
plasma-systemsettings	6.6.5-1.fc44	x86_64
plasma-thunderbolt	6.6.5-1.fc44	x86_64
plasma-vault	6.6.5-1.fc44	x86_64
plasma-welcome	6.6.5-1.fc44	x86_64
plasma-welcome-fedora	6.3.4-3.fc44	noarch
plasma-workspace	6.6.5-2.fc44	x86_64
plasma-workspace-common	6.6.5-2.fc44	x86_64
plasma-workspace-libs	6.6.5-2.fc44	x86_64
plasma-workspace-wallpapers	6.6.5-1.fc44	noarch
plasma-workspace-x11	6.6.5-1.fc44	x86_64
plasma5support	6.6.5-1.fc44	x86_64
playerctl	2.4.1-12.fc44	x86_64
playerctl-libs	2.4.1-12.fc44	x86_64
plocate	1.1.24-1.fc44	x86_64
plutosvg	0.0.8-2.fc44	x86_64
plutovg	1.3.3-1.fc44	x86_64
plymouth	24.004.60-24.fc44	x86_64
plymouth-core-libs	24.004.60-24.fc44	x86_64
plymouth-graphics-libs	24.004.60-24.fc44	x86_64
plymouth-plugin-label	24.004.60-24.fc44	x86_64
plymouth-plugin-two-step	24.004.60-24.fc44	x86_64
plymouth-scripts	24.004.60-24.fc44	x86_64
plymouth-system-theme	24.004.60-24.fc44	x86_64
plymouth-theme-spinner	24.004.60-24.fc44	x86_64
podman	5.8.2-1.fc44	x86_64
podman-sequoia	0.3.2-2.fc44	x86_64
podofo0.10	0.10.5-2.fc44	x86_64
policycoreutils	3.10-4.fc44	x86_64
policycoreutils-python-utils	3.10-4.fc44	noarch
polkit	127-2.fc44.2	x86_64
polkit-kde	6.6.5-1.fc44	x86_64
polkit-libs	127-2.fc44.2	x86_64
polkit-pkla-compat	0.1-32.fc44	x86_64
polkit-qt5-1	0.201.1-1.fc44	x86_64
polkit-qt6-1	0.201.1-1.fc44	x86_64
poly2tri	0.0^20130501hg26242d0aa7b8-7.fc44	x86_64
polybar	3.7.2-8.fc44	x86_64
poppler	26.01.0-3.fc44	x86_64
poppler-cpp	26.01.0-3.fc44	x86_64
poppler-data	0.4.11-11.fc44	noarch
poppler-glib	26.01.0-3.fc44	x86_64
poppler-qt6	26.01.0-3.fc44	x86_64
poppler-utils	26.01.0-3.fc44	x86_64
popt	1.19-10.fc44	x86_64
portaudio	19.7.0-3.fc44	x86_64
powerdevil	6.6.5-1.fc44	x86_64
poxml	26.04.2-1.fc44	x86_64
ppp	2.5.1-7.fc44	x86_64
pptp	1.10.0-24.fc44	x86_64
prefixdevname	0.2.0-8.fc44	x86_64
procps-ng	4.0.6-1.fc44	x86_64
proj	9.8.1-1.fc44	x86_64
proj-data	9.8.1-1.fc44	noarch
proj-data-ar	9.8.1-1.fc44	noarch
proj-data-at	9.8.1-1.fc44	noarch
proj-data-au	9.8.1-1.fc44	noarch
proj-data-be	9.8.1-1.fc44	noarch
proj-data-br	9.8.1-1.fc44	noarch
proj-data-ca	9.8.1-1.fc44	noarch
proj-data-ch	9.8.1-1.fc44	noarch
proj-data-cz	9.8.1-1.fc44	noarch
proj-data-de	9.8.1-1.fc44	noarch
proj-data-dk	9.8.1-1.fc44	noarch
proj-data-es	9.8.1-1.fc44	noarch
proj-data-eur	9.8.1-1.fc44	noarch
proj-data-fi	9.8.1-1.fc44	noarch
proj-data-fo	9.8.1-1.fc44	noarch
proj-data-fr	9.8.1-1.fc44	noarch
proj-data-hu	9.8.1-1.fc44	noarch
proj-data-is	9.8.1-1.fc44	noarch
proj-data-jp	9.8.1-1.fc44	noarch
proj-data-lv	9.8.1-1.fc44	noarch
proj-data-mx	9.8.1-1.fc44	noarch
proj-data-nc	9.8.1-1.fc44	noarch
proj-data-nl	9.8.1-1.fc44	noarch
proj-data-no	9.8.1-1.fc44	noarch
proj-data-nz	9.8.1-1.fc44	noarch
proj-data-pl	9.8.1-1.fc44	noarch
proj-data-pt	9.8.1-1.fc44	noarch
proj-data-se	9.8.1-1.fc44	noarch
proj-data-si	9.8.1-1.fc44	noarch
proj-data-sk	9.8.1-1.fc44	noarch
proj-data-uk	9.8.1-1.fc44	noarch
proj-data-us	9.8.1-1.fc44	noarch
proj-data-za	9.8.1-1.fc44	noarch
protobuf	3.19.6-20.fc44	x86_64
protobuf-c	1.5.2-2.fc44	x86_64
protobuf-lite	3.19.6-20.fc44	x86_64
psacct	6.6.4-26.fc44	x86_64
psmisc	23.7-7.fc44	x86_64
publicsuffix-list-dafsa	20260116-1.fc44	noarch
pugixml	1.15-2.fc44	x86_64
pulseaudio-libs	17.0-9.fc44	i686
pulseaudio-libs	17.0-9.fc44	x86_64
pulseaudio-libs-glib2	17.0-9.fc44	x86_64
pulseaudio-qt-qt6	1.8.1-1.fc44	x86_64
pulseaudio-utils	17.0-9.fc44	x86_64
pyproject-srpm-macros	1.22.2-1.fc44	noarch
python-pip-wheel	26.0.1-2.fc44	noarch
python-pyqt6-rpm-macros	6.11.0-4.fc44	noarch
python-setuptools-wheel	80.10.2-3.fc44	noarch
python-srpm-macros	3.14-12.fc44	noarch
python-unversioned-command	3.14.5-1.fc44	noarch
python-xdot	1.1-24.fc44	noarch
python3	3.14.5-1.fc44	x86_64
python3-abrt	2.17.8-3.fc44	x86_64
python3-abrt-addon	2.17.8-3.fc44	noarch
python3-anyio	4.13.0-1.fc44	noarch
python3-apsw	3.51.2.0-1.fc44	x86_64
python3-argcomplete	3.6.3-4.fc44	noarch
python3-attrs	25.4.0-2.fc44	noarch
python3-audit	4.1.4-1.fc44	x86_64
python3-augeas	1.2.0-7.fc44	x86_64
python3-beautifulsoup4	4.14.3-2.fc44	noarch
python3-blivet	3.13.2-2.fc44	noarch
python3-blockdev	3.5.0-1.fc44	x86_64
python3-boto3	1.43.20-1.fc44	noarch
python3-botocore	1.43.20-1.fc44	noarch
python3-brlapi	0.8.7-8.fc44	x86_64
python3-bugzilla	3.3.0-7.fc44	noarch
python3-bytesize	2.12-2.fc44	x86_64
python3-cairo	1.28.0-5.fc44	x86_64
python3-certifi	2026.01.04-1.fc44	noarch
python3-cffi	2.0.0-3.fc44	x86_64
python3-chardet	6.0.0.post1-1.fc44	noarch
python3-charset-normalizer	3.4.4-2.fc44	noarch
python3-click	8.3.3-1.fc44	noarch
python3-crypt-r	3.13.1-9.fc44	x86_64
python3-css-parser	1.0.10-9.fc44	noarch
python3-cups	2.0.4-8.fc44	x86_64
python3-dasbus	1.7-14.fc44	noarch
python3-dateutil	2.9.0.post0-7.fc44	noarch
python3-dbus	1.4.0-9.fc44	x86_64
python3-dbus-next	0.2.3-18.fc44	noarch
python3-defusedxml	0.7.1-23.fc44	noarch
python3-distlib	0.4.0-5.fc44	noarch
python3-distro	1.9.0-11.fc44	noarch
python3-dnf	4.24.0-3.fc44	noarch
python3-dnf-plugins-core	4.10.1-9.fc44	noarch
python3-dns	2.8.0-3.fc44	noarch
python3-docopt	0.6.2-9.fc44	noarch
python3-enchant	3.3.0-2.fc44	noarch
python3-feedparser	6.0.12-3.fc44	noarch
python3-file-magic	5.46-10.fc44	noarch
python3-filelock	3.15.4-11.fc44	noarch
python3-firewall	2.4.0-2.fc44	noarch
python3-gobject	3.56.3-1.fc44	x86_64
python3-gobject-base	3.56.3-1.fc44	x86_64
python3-h11	0.16.0-6.fc44	noarch
python3-hawkey	0.75.0-2.fc44	x86_64
python3-html2text	2025.4.15-6.fc44	noarch
python3-html5-parser	0.4.12-10.fc44	x86_64
python3-html5lib	1.1-33.fc44	noarch
python3-httpcore	1.0.9-6.fc44	noarch
python3-httpx	0.28.1-11.fc44	noarch
python3-humanize	4.15.0-2.fc44	noarch
python3-ibus	1.5.34-2.fc44	x86_64
python3-idna	3.11-2.fc44	noarch
python3-ifaddr	0.2.0-5.fc44	noarch
python3-inotify	0.9.6-43.fc44	noarch
python3-iso639	0.1.4-33.fc44	noarch
python3-jeepney	0.9.0-8.fc44	noarch
python3-jmespath	1.0.1-14.fc44	noarch
python3-jsonschema	4.23.0-7.fc44	noarch
python3-jsonschema-specifications	2024.10.1-7.fc44	noarch
python3-kickstart	3.69-1.fc44	noarch
python3-langtable	0.0.70-1.fc44	noarch
python3-libcomps	0.1.24-1.fc44	x86_64
python3-libdnf	0.75.0-2.fc44	x86_64
python3-libdnf5	5.4.2.1-1.fc44	x86_64
python3-libmount	2.41.4-8.fc44	x86_64
python3-libreport	2.17.15-10.fc44	x86_64
python3-libs	3.14.5-1.fc44	x86_64
python3-libselinux	3.10-1.fc44	x86_64
python3-libsemanage	3.10-1.fc44	x86_64
python3-libxml2	2.12.10-6.fc44	x86_64
python3-linux-procfs	0.7.4-3.fc44	noarch
python3-lldb	22.1.6-1.fc44	x86_64
python3-louis	3.33.0-7.fc44	noarch
python3-lxml	6.1.1-1.fc44	x86_64
python3-lxml-html-clean	0.4.5-1.fc44	noarch
python3-markdown	3.10.2-1.fc44	noarch
python3-mechanize	0.4.10-10.fc44	noarch
python3-meh	0.52-9.fc44	noarch
python3-msgpack	1.1.2-2.fc44	x86_64
python3-netifaces	0.11.0-16.fc44	x86_64
python3-nftables	1.1.6-2.fc44	noarch
python3-odfpy	1.4.1-18.fc44	noarch
python3-olefile	0.47-13.fc44	noarch
python3-packaging	25.0-8.fc44	noarch
python3-perf	7.0.11-200.fc44	x86_64
python3-pexpect	4.9.0-15.fc44	noarch
python3-pid	3.0.4-5.fc44	noarch
python3-pillow	12.2.0-1.fc44	x86_64
python3-pip	26.0.1-2.fc44	noarch
python3-platformdirs	4.9.1-1.fc44	noarch
python3-ply	3.11-33.fc44	noarch
python3-policycoreutils	3.10-4.fc44	noarch
python3-productmd	1.50-2.fc44	noarch
python3-progressbar2	4.5.0-6.fc44	noarch
python3-psutil	7.2.2-1.fc44	x86_64
python3-ptyprocess	0.7.0-15.fc44	noarch
python3-pwquality	1.4.5-15.fc44	x86_64
python3-pyatspi	2.58.2-1.fc44	noarch
python3-pyaudio	0.2.13-11.fc44	x86_64
python3-pychm	0.8.6-21.fc44	x86_64
python3-pycparser	2.22-8.fc44	noarch
python3-pygdbmi	0.11.0.0-12.fc44	noarch
python3-pygments	2.19.1-9.fc44	noarch
python3-pyparted	3.13.0-14.fc44	x86_64
python3-pyqt6	6.11.0-4.fc44	x86_64
python3-pyqt6-base	6.11.0-4.fc44	x86_64
python3-pyqt6-sip	13.11.1-1.fc44	x86_64
python3-pyqt6-webengine	6.11.0-1.fc44	x86_64
python3-pysocks	1.7.1-32.fc44	noarch
python3-pyudev	0.24.4-3.fc44	noarch
python3-pyxdg	0.28-1.fc44	noarch
python3-pyyaml	6.0.3-3.fc44	x86_64
python3-rapidfuzz	3.14.3-2.fc44	x86_64
python3-referencing	0.36.2-6.fc44	noarch
python3-regex	2026.2.28-1.fc44	x86_64
python3-requests	2.33.1-1.fc44	noarch
python3-requests-file	3.0.0-2.fc44	noarch
python3-requests-ftp	0.3.1-43.fc44	noarch
python3-rpds-py	0.29.0-2.fc44	x86_64
python3-rpm	6.0.1-2.fc44	x86_64
python3-rpmautospec	0.8.4-1.fc44	noarch
python3-rpmautospec-core	0.1.5-10.fc44	noarch
python3-s3transfer	0.18.0-1.fc44	noarch
python3-satyr	0.43-10.fc44	x86_64
python3-sentry-sdk	2.48.0-2.fc44	noarch
python3-setools	4.6.0-5.fc44	x86_64
python3-sgmllib3k	1.0.0-22.fc44	noarch
python3-simpleaudio	1.0.4-21.fc44	x86_64
python3-simpleline	1.9.0-18.fc44	noarch
python3-six	1.17.0-8.fc44	noarch
python3-sniffio	1.3.1-9.fc44	noarch
python3-soupsieve	2.8.3-1.fc44	noarch
python3-speechd	0.12.1-6.fc44	x86_64
python3-systemd	235-18.fc44	x86_64
python3-tkinter	3.14.5-1.fc44	x86_64
python3-typing-extensions	4.15.0-3.fc44	noarch
python3-tzlocal	5.3.1-6.fc44	noarch
python3-udiskie	2.6.2-1.fc44	noarch
python3-unbound	1.25.1-1.fc44	x86_64
python3-urllib3	2.7.0-1.fc44	noarch
python3-urllib3+socks	2.7.0-1.fc44	noarch
python3-userpath	1.9.2-12.fc44	noarch
python3-utils	3.9.1-3.fc44	noarch
python3-virtualenv	20.35.4-4.fc44	noarch
python3-webencodings	0.5.1-33.fc44	noarch
python3-xkbregistry	0.3-9.fc44	x86_64
python3-xxhash	3.7.0-1.fc44	x86_64
python3-zeroconf	0.118.0-16.fc44	x86_64
qaccessibilityclient-qt6	0.6.0-5.fc44	x86_64
qca-qt6	2.3.10-4.fc44	x86_64
qca-qt6-ossl	2.3.10-4.fc44	x86_64
qcom-wwan-firmware	20260519-1.fc44	noarch
qcoro-qt6	0.12.0-6.fc44	x86_64
qemu-guest-agent	10.2.2-1.fc44	x86_64
qgpgme-qt6	2.0.1-4.fc44	x86_64
qpdf-libs	12.3.2-1.fc44	x86_64
qqc2-breeze-style	6.6.5-1.fc44	x86_64
qrencode-libs	4.1.1-12.fc44	x86_64
qt-settings	43.101-3.fc44	noarch
qt5-filesystem	5.15.18-2.fc44	x86_64
qt5-qtbase	5.15.18-2.fc44	x86_64
qt5-qtbase-common	5.15.18-2.fc44	noarch
qt5-qtbase-gui	5.15.18-2.fc44	x86_64
qt5-qtdeclarative	5.15.18-2.fc44	x86_64
qt5-qtfeedback	20180903gita14bd0b-13.fc44	x86_64
qt5-qtgraphicaleffects	5.15.18-2.fc44	x86_64
qt5-qtimageformats	5.15.18-2.fc44	x86_64
qt5-qtmultimedia	5.15.18-2.fc44	x86_64
qt5-qtquickcontrols	5.15.18-2.fc44	x86_64
qt5-qtquickcontrols2	5.15.18-2.fc44	x86_64
qt5-qtspeech	5.15.18-2.fc44	x86_64
qt5-qtspeech-speechd	5.15.18-2.fc44	x86_64
qt5-qtsvg	5.15.18-2.fc44	x86_64
qt5-qttranslations	5.15.18-2.fc44	noarch
qt5-qtwayland	5.15.18-2.fc44	x86_64
qt5-qtx11extras	5.15.18-2.fc44	x86_64
qt5-srpm-macros	5.15.18-2.fc44	noarch
qt5ct	1.9-8.fc44	x86_64
qt6-filesystem	6.11.1-1.fc44	x86_64
qt6-qt5compat	6.11.1-1.fc44	x86_64
qt6-qtbase	6.11.1-1.fc44	x86_64
qt6-qtbase-common	6.11.1-1.fc44	noarch
qt6-qtbase-gui	6.11.1-1.fc44	x86_64
qt6-qtconnectivity	6.11.1-1.fc44	x86_64
qt6-qtdeclarative	6.11.1-2.fc44	x86_64
qt6-qtimageformats	6.11.1-1.fc44	x86_64
qt6-qtlocation	6.11.1-1.fc44	x86_64
qt6-qtmultimedia	6.11.1-1.fc44	x86_64
qt6-qtpdf	6.11.1-1.fc44	x86_64
qt6-qtpositioning	6.11.1-1.fc44	x86_64
qt6-qtquick3d	6.11.1-1.fc44	x86_64
qt6-qtquicktimeline	6.11.1-1.fc44	x86_64
qt6-qtremoteobjects	6.11.1-1.fc44	x86_64
qt6-qtsensors	6.11.1-1.fc44	x86_64
qt6-qtserialport	6.11.1-1.fc44	x86_64
qt6-qtshadertools	6.11.1-1.fc44	x86_64
qt6-qtspeech	6.11.1-1.fc44	x86_64
qt6-qtspeech-flite	6.11.1-1.fc44	x86_64
qt6-qtspeech-speechd	6.11.1-1.fc44	x86_64
qt6-qtsvg	6.11.1-1.fc44	x86_64
qt6-qttools	6.11.1-1.fc44	x86_64
qt6-qttools-common	6.11.1-1.fc44	noarch
qt6-qttools-libs-designer	6.11.1-1.fc44	x86_64
qt6-qttools-libs-help	6.11.1-1.fc44	x86_64
qt6-qttranslations	6.11.1-1.fc44	noarch
qt6-qtvirtualkeyboard	6.11.1-1.fc44	x86_64
qt6-qtwayland	6.11.1-1.fc44	x86_64
qt6-qtwebchannel	6.11.1-1.fc44	x86_64
qt6-qtwebengine	6.11.1-1.fc44	x86_64
qt6-qtwebsockets	6.11.1-1.fc44	x86_64
qt6-qtwebview	6.11.1-1.fc44	x86_64
qt6-srpm-macros	6.11.1-1.fc44	noarch
qt6ct	0.11-15.20250907git23a985f.fc44	x86_64
qtkeychain-qt6	0.15.0-3.fc44	x86_64
quota	4.11-2.fc44	x86_64
quota-nls	4.11-2.fc44	noarch
raptor2	2.0.15-50.fc44	x86_64
rav1e-libs	0.8.1-3.fc44	i686
rav1e-libs	0.8.1-3.fc44	x86_64
rdma-core-common	61.0-2.fc44	noarch
re2	20251105-4.fc44	x86_64
readline	8.3-4.fc44	i686
readline	8.3-4.fc44	x86_64
realmd	0.17.1-19.fc44	x86_64
realtek-firmware	20260519-1.fc44	noarch
redhat-menus	12.0.2-39.fc44	noarch
redhat-rpm-config	344-2.fc44	noarch
ripgrep	14.1.1-4.fc44	x86_64
rit-meera-new-fonts	1.6.2-5.fc44	noarch
rit-rachana-fonts	1.5.2-5.fc44	noarch
rocm-smi	7.1.1-3.fc44	x86_64
rootfiles	9.0-6.fc44	noarch
rpcbind	1.2.8-2.fc44	x86_64
rpm	6.0.1-2.fc44	x86_64
rpm-build	6.0.1-2.fc44	x86_64
rpm-build-libs	6.0.1-2.fc44	x86_64
rpm-libs	6.0.1-2.fc44	x86_64
rpm-plugin-audit	6.0.1-2.fc44	x86_64
rpm-plugin-selinux	6.0.1-2.fc44	x86_64
rpm-plugin-systemd-inhibit	6.0.1-2.fc44	x86_64
rpm-sequoia	1.10.2-2.fc44	x86_64
rpm-sign-libs	6.0.1-2.fc44	x86_64
rpmdevtools	9.6-14.fc44	noarch
rpmfusion-free-appstream-data	44-1.fc44	noarch
rpmfusion-free-release	44-3	noarch
rpmfusion-nonfree-appstream-data	44-1.fc44	noarch
rpmfusion-nonfree-release	44-3	noarch
rsync	3.4.1-7.fc44	x86_64
rsyslog	8.2604.0-1.fc44	x86_64
rtkit	0.11-70.fc44	x86_64
rubberband-libs	4.0.0-5.fc44	x86_64
ruby	4.0.1-32.fc44	x86_64
ruby-bundled-gems	4.0.1-32.fc44	x86_64
ruby-default-gems	4.0.1-32.fc44	noarch
ruby-libs	4.0.1-32.fc44	x86_64
rubygem-bigdecimal	4.0.1-32.fc44	x86_64
rubygem-bundler	4.0.3-32.fc44	noarch
rubygem-io-console	0.8.2-32.fc44	x86_64
rubygem-irb	1.16.0-32.fc44	noarch
rubygem-json	2.19.8-1.fc44	x86_64
rubygem-psych	5.3.1-32.fc44	x86_64
rubygem-rbs	3.10.0-32.fc44	x86_64
rubygem-rdoc	7.0.3-201.fc44	noarch
rubygems	4.0.6-1.fc44	noarch
rubypick	1.1.1-24.fc44	noarch
ruff	0.15.13-2.fc44	x86_64
rust-srpm-macros	28.4-3.fc44	noarch
samba	4.24.3-1.fc44	x86_64
samba-client	4.24.3-1.fc44	x86_64
samba-client-libs	4.24.3-1.fc44	x86_64
samba-common	4.24.3-1.fc44	noarch
samba-common-tools	4.24.3-1.fc44	x86_64
samba-core-libs	4.24.3-1.fc44	x86_64
samba-dcerpc	4.24.3-1.fc44	x86_64
samba-ldb-ldap-modules	4.24.3-1.fc44	x86_64
samba-libs	4.24.3-1.fc44	x86_64
samba-ndr-libs	4.24.3-1.fc44	x86_64
samba-usershares	4.24.3-1.fc44	noarch
sane-airscan	0.99.36-2.fc44	x86_64
sane-backends	1.4.0-6.fc44	x86_64
sane-backends-drivers-cameras	1.4.0-6.fc44	x86_64
sane-backends-drivers-scanners	1.4.0-6.fc44	x86_64
sane-backends-libs	1.4.0-6.fc44	x86_64
satyr	0.43-10.fc44	x86_64
schroedinger	1.0.11-35.fc44	x86_64
scrcpy	4.0-1.fc44	x86_64
sdbus-cpp	2.2.1-2.fc44	x86_64
sddm	0.21.0-13.fc44	x86_64
sddm-breeze	6.6.5-1.fc44	noarch
sddm-kcm	6.6.5-1.fc44	x86_64
sddm-wayland-plasma	6.6.5-2.fc44	noarch
sdl12-compat	1.2.74-1.fc44	x86_64
sdl2-compat	2.32.68-1.fc44	i686
sdl2-compat	2.32.68-1.fc44	x86_64
sed	4.9-7.fc44	x86_64
selinux-policy	44.1-1.fc44	noarch
selinux-policy-targeted	44.1-1.fc44	noarch
serd	0.32.8-1.fc44	x86_64
setroubleshoot	3.3.36-3.fc44	x86_64
setroubleshoot-plugins	3.3.15-6.fc44	noarch
setroubleshoot-server	3.3.36-3.fc44	x86_64
setup	2.15.0-28.fc44	noarch
setxkbmap	1.3.4-7.fc44	x86_64
sgml-common	0.6.3-68.fc44	noarch
shadow-utils	4.19.0-7.fc44	x86_64
shadow-utils-subid	4.19.0-7.fc44	x86_64
shared-mime-info	2.4-3.fc44	x86_64
shim-ia32	16.1-5	x86_64
shim-x64	16.1-5	x86_64
signon	8.60^20240205.c8ad982-5.fc44	x86_64
signon-kwallet-extension	26.04.2-1.fc44	x86_64
signon-plugin-oauth2	0.25^20231216.fab6988-7.fc44	x86_64
signon-qt6	8.60^20240205.c8ad982-5.fc44	x86_64
signon-ui	0.15^20240205.eef943f-6.fc44	x86_64
sil-padauk-fonts	3.003-21.fc44	noarch
skopeo	1.22.2-1.fc44	x86_64
slang	2.3.3-9.fc44	x86_64
slitherer	0~git20251108.d230dba-4.fc44	x86_64
slurp	1.5.0-6.fc44	x86_64
smartmontools	7.5-6.fc44	x86_64
smartmontools-selinux	7.5-6.fc44	noarch
snappy	1.2.2-4.fc44	x86_64
socat	1.8.1.0-2.fc44	x86_64
sombok	2.4.0-25.fc44	x86_64
sord	0.16.22-1.fc44	x86_64
sos	4.11.1-1.fc44	noarch
sound-theme-freedesktop	0.8-31.fc44	noarch
soundtouch	2.4.0-3.fc44	x86_64
source-highlight	3.1.9-27.fc44	x86_64
soxr	0.1.3-21.fc44	x86_64
spandsp	0.0.6-22.fc44	i686
spandsp	0.0.6-22.fc44	x86_64
spdlog	1.15.3-4.fc44	x86_64
spectacle	6.6.5-1.fc44	x86_64
speech-dispatcher	0.12.1-6.fc44	x86_64
speech-dispatcher-espeak-ng	0.12.1-6.fc44	x86_64
speech-dispatcher-libs	0.12.1-6.fc44	x86_64
speex	1.2.0-21.fc44	x86_64
speexdsp	1.2.1-10.fc44	x86_64
spice-vdagent	0.23.0-2.fc44	x86_64
spice-webdavd	3.0-13.fc44	x86_64
spirv-tools-libs	2026.1-1.fc44	i686
spirv-tools-libs	2026.1-1.fc44	x86_64
sqlite	3.51.2-1.fc44	x86_64
sqlite-libs	3.51.2-1.fc44	i686
sqlite-libs	3.51.2-1.fc44	x86_64
squashfs-tools	4.6.1-8.fc44	x86_64
sratom	0.6.22-1.fc44	x86_64
srt-libs	1.5.5-1.fc44	x86_64
sscg	4.0.3-3.fc44	x86_64
sso-mib-libs	0.8.0-1.fc44	x86_64
sssd-client	2.13.0-1.fc44	x86_64
sssd-common	2.13.0-1.fc44	x86_64
sssd-kcm	2.13.0-1.fc44	x86_64
sssd-krb5-common	2.13.0-1.fc44	x86_64
sssd-nfs-idmap	2.13.0-1.fc44	x86_64
sssd-proxy	2.13.0-1.fc44	x86_64
starship	1.24.2-1.fc44	x86_64
startup-notification	0.12-33.fc44	x86_64
stix-fonts	2.13b171-10.fc44	noarch
stoken-libs	0.93-2.fc44	x86_64
strace	7.0-1.fc44	x86_64
subversion	1.14.5-26.fc44	x86_64
subversion-libs	1.14.5-26.fc44	x86_64
sudo	1.9.17-8.p2.fc44	x86_64
sudo-python-plugin	1.9.17-8.p2.fc44	x86_64
svgpart	26.04.2-1.fc44	x86_64
svt-av1-libs	3.1.2-2.fc44	i686
svt-av1-libs	3.1.2-2.fc44	x86_64
svt-hevc-libs	1.5.1-10.fc44	x86_64
swaybg	1.2.2-1.fc44	x86_64
swaylock	1.8.5-1.fc44	x86_64
switcheroo-control	3.0-5.fc44	x86_64
symlinks	1.7-14.fc44	x86_64
system-config-printer-libs	1.5.18-17.fc44	noarch
system-config-printer-udev	1.5.18-17.fc44	x86_64
systemd	259.6-1.fc44	x86_64
systemd-libs	259.6-1.fc44	i686
systemd-libs	259.6-1.fc44	x86_64
systemd-networkd	259.6-1.fc44	x86_64
systemd-oomd-defaults	259.6-1.fc44	noarch
systemd-pam	259.6-1.fc44	x86_64
systemd-resolved	259.6-1.fc44	x86_64
systemd-rpm-macros	259.6-1.fc44	noarch
systemd-shared	259.6-1.fc44	x86_64
systemd-sysusers	259.6-1.fc44	x86_64
systemd-udev	259.6-1.fc44	x86_64
systemtap	5.5-1.fc44	x86_64
systemtap-client	5.5-1.fc44	x86_64
systemtap-devel	5.5-1.fc44	x86_64
systemtap-runtime	5.5-1.fc44	x86_64
taglib	2.2.1-1.fc44	x86_64
tar	1.35-8.fc44	x86_64
tbb	2022.3.0-3.fc44	x86_64
tcl	9.0.2-1.fc44	x86_64
tcl8	8.6.17-2.fc44	x86_64
tcpdump	4.99.6-3.fc44	x86_64
teamd	1.32-13.fc44	x86_64
teckit	2.5.13-2.fc44	x86_64
tesseract-common	5.5.2-1.fc44	noarch
tesseract-langpack-eng	4.1.0-12.fc44	noarch
tesseract-libs	5.5.2-1.fc44	x86_64
tesseract-tessdata-doc	4.1.0-12.fc44	noarch
tex-preview	14.1.2-1.fc44	noarch
texlive-ae	svn15878-4.fc44	noarch
texlive-algorithms	svn78101-2.fc44	noarch
texlive-alphalph	svn77682-6.fc44	noarch
texlive-amscls	svn77682-4.fc44	noarch
texlive-amsfonts	svn77682-11.fc44	noarch
texlive-amsmath	svn78101-4.fc44	noarch
texlive-anysize	svn77682-3.fc44	noarch
texlive-atbegshi	svn77682-4.fc44	noarch
texlive-attachfile	svn77682-6.fc44	noarch
texlive-attachfile2	svn77682-111.fc44	noarch
texlive-atveryend	svn77682-4.fc44	noarch
texlive-auto-pst-pdf	svn77682-2.fc44	noarch
texlive-auxhook	svn77682-4.fc44	noarch
texlive-avantgar	svn77161-8.fc44	noarch
texlive-babel	svn78713-4.fc44	noarch
texlive-babel-english	svn77682-4.fc44	noarch
texlive-babelbib	svn76790-4.fc44	noarch
texlive-base	20260301-111.fc44	x86_64
texlive-beamer	svn78101-3.fc44	noarch
texlive-bera	svn77682-6.fc44	noarch
texlive-beton	svn77682-6.fc44	noarch
texlive-biblatex	svn77682-8.fc44	noarch
texlive-bibtex	svn77830-111.fc44	x86_64
texlive-bidi	svn77682-6.fc44	noarch
texlive-bigfoot	svn77682-6.fc44	noarch
texlive-bigintcalc	svn77682-4.fc44	noarch
texlive-bitset	svn77682-4.fc44	noarch
texlive-bookman	svn77161-8.fc44	noarch
texlive-bookmark	svn77682-4.fc44	noarch
texlive-booktabs	svn77682-3.fc44	noarch
texlive-breakurl	svn77682-6.fc44	noarch
texlive-breqn	svn77682-3.fc44	noarch
texlive-caption	svn77682-3.fc44	noarch
texlive-carlisle	svn59577-4.fc44	noarch
texlive-catchfile	svn77682-6.fc44	noarch
texlive-changepage	svn77682-6.fc44	noarch
texlive-charter	svn15878-8.fc44	noarch
texlive-chicago	svn77682-8.fc44	noarch
texlive-cite	svn77682-3.fc44	noarch
texlive-citeref	svn47407-8.fc44	noarch
texlive-cm	svn57963-11.fc44	noarch
texlive-cm-super	svn15878-8.fc44	noarch
texlive-cmap	svn77682-3.fc44	noarch
texlive-cmextra	svn57866-8.fc44	noarch
texlive-collection-basic	svn72890-11.fc44	noarch
texlive-collection-fontsrecommended	svn54074-8.fc44	noarch
texlive-collection-latex	svn78733-4.fc44	noarch
texlive-collection-latexrecommended	svn78568-3.fc44	noarch
texlive-colorprofiles	svn49086-11.fc44	noarch
texlive-colortbl	svn77682-4.fc44	noarch
texlive-courier	svn77161-8.fc44	noarch
texlive-crop	svn77682-3.fc44	noarch
texlive-csquotes	svn77682-6.fc44	noarch
texlive-ctable	svn77682-3.fc44	noarch
texlive-ctablestack	svn78101-3.fc44	noarch
texlive-currfile	svn77682-6.fc44	noarch
texlive-dehyph	svn48599-7.fc44	noarch
texlive-dvipdfmx	svn77942-111.fc44	x86_64
texlive-dvips	svn77830-111.fc44	x86_64
texlive-ec	svn25033-11.fc44	noarch
texlive-enctex	svn34957-11.fc44	noarch
texlive-enumitem	svn77682-6.fc44	noarch
texlive-environ	svn77682-6.fc44	noarch
texlive-epstopdf	svn71782-111.fc44	noarch
texlive-epstopdf-pkg	svn77682-4.fc44	noarch
texlive-eso-pic	svn77682-3.fc44	noarch
texlive-etex	svn77830-11.fc44	noarch
texlive-etex-pkg	svn77682-11.fc44	noarch
texlive-etexcmds	svn78101-4.fc44	noarch
texlive-etoolbox	svn77682-4.fc44	noarch
texlive-euenc	svn19795-3.fc44	noarch
texlive-euler	svn77682-3.fc44	noarch
texlive-euro	svn22191-8.fc44	noarch
texlive-euro-ce	svn25714-8.fc44	noarch
texlive-eurosym	svn78101-8.fc44	noarch
texlive-everysel	svn57489-3.fc44	noarch
texlive-everyshi	svn77682-3.fc44	noarch
texlive-extractbb	svn77855-111.fc44	noarch
texlive-extsizes	svn78101-3.fc44	noarch
texlive-fancybox	svn77682-3.fc44	noarch
texlive-fancyhdr	svn78348-4.fc44	noarch
texlive-fancyref	svn77682-3.fc44	noarch
texlive-fancyvrb	svn78721-3.fc44	noarch
texlive-filecontents	svn77682-6.fc44	noarch
texlive-filehook	svn77682-3.fc44	noarch
texlive-finstrut	svn21719-6.fc44	noarch
texlive-firstaid	svn76740-4.fc44	noarch
texlive-fix2col	svn38770-4.fc44	noarch
texlive-float	svn77682-3.fc44	noarch
texlive-fontspec	svn77682-3.fc44	noarch
texlive-footmisc	svn77682-6.fc44	noarch
texlive-footnotehyper	svn77682-3.fc44	noarch
texlive-fp	svn77682-3.fc44	noarch
texlive-fpl	svn54512-8.fc44	noarch
texlive-geometry	svn78315-4.fc44	noarch
texlive-gettitlestring	svn77682-4.fc44	noarch
texlive-glyphlist	svn54074-111.fc44	noarch
texlive-graphics	svn78282-4.fc44	noarch
texlive-graphics-cfg	svn41448-4.fc44	noarch
texlive-graphics-def	svn76719-11.fc44	noarch
texlive-grfext	svn77682-4.fc44	noarch
texlive-grffile	svn78101-3.fc44	noarch
texlive-gsftopk	svn52851-111.fc44	x86_64
texlive-helvetic	svn77161-8.fc44	noarch
texlive-hobsub	svn52810-6.fc44	noarch
texlive-hologo	svn78580-3.fc44	noarch
texlive-hopatch	svn65491-4.fc44	noarch
texlive-hycolor	svn77682-4.fc44	noarch
texlive-hypcap	svn77682-4.fc44	noarch
texlive-hypdoc	svn68661-6.fc44	noarch
texlive-hyperref	svn78811-4.fc44	noarch
texlive-hyph-utf8	svn78069-11.fc44	noarch
texlive-hyphen-base	svn78076-11.fc44	noarch
texlive-hyphen-english	svn78069-6.fc44	noarch
texlive-hyphenex	svn57387-11.fc44	noarch
texlive-ifmtarg	svn77682-6.fc44	noarch
texlive-ifplatform	svn77682-11.fc44	noarch
texlive-iftex	svn77682-11.fc44	noarch
texlive-index	svn77682-3.fc44	noarch
texlive-infwarerr	svn77682-3.fc44	noarch
texlive-intcalc	svn77682-4.fc44	noarch
texlive-jknapltx	svn19440-3.fc44	noarch
texlive-kastrup	svn15878-4.fc44	noarch
texlive-knuth-lib	svn57963-11.fc44	noarch
texlive-knuth-local	svn57963-11.fc44	noarch
texlive-koma-script	svn77575-3.fc44	noarch
texlive-kpathsea	svn77861-111.fc44	x86_64
texlive-kvdefinekeys	svn77682-4.fc44	noarch
texlive-kvoptions	svn77682-4.fc44	noarch
texlive-kvsetkeys	svn77682-4.fc44	noarch
texlive-l3backend	svn78544-4.fc44	noarch
texlive-l3experimental	svn78549-3.fc44	noarch
texlive-l3kernel	svn78545-4.fc44	noarch
texlive-l3packages	svn76637-4.fc44	noarch
texlive-latex	svn76924-111.fc44	noarch
texlive-latex-fonts	svn28888-4.fc44	noarch
texlive-latex-lab	svn76739-4.fc44	noarch
texlive-latexbug	svn78389-3.fc44	noarch
texlive-latexconfig	svn68923-4.fc44	noarch
texlive-letltxmacro	svn77682-4.fc44	noarch
texlive-lib	20260301-111.fc44	x86_64
texlive-lineno	svn78315-3.fc44	noarch
texlive-listings	svn77682-3.fc44	noarch
texlive-lm	svn77682-8.fc44	noarch
texlive-lm-math	svn67718-8.fc44	noarch
texlive-logreq	svn53003-8.fc44	noarch
texlive-ltabptch	svn17533-6.fc44	noarch
texlive-ltx-talk	svn78710-3.fc44	noarch
texlive-ltxcmds	svn77682-4.fc44	noarch
texlive-ltxmisc	svn75878-4.fc44	noarch
texlive-lua-alt-getopt	svn78415-11.fc44	noarch
texlive-lua-uni-algos	svn76195-4.fc44	noarch
texlive-lua-unicode-math	svn78498-3.fc44	noarch
texlive-luabidi	svn78654-6.fc44	noarch
texlive-luahbtex	svn77830-111.fc44	x86_64
texlive-lualatex-math	svn77682-3.fc44	noarch
texlive-lualibs	svn78415-3.fc44	noarch
texlive-luaotfload	svn74324-111.fc44	noarch
texlive-luatex	svn78218-111.fc44	x86_64
texlive-luatex85	svn77682-3.fc44	noarch
texlive-luatexbase	svn77682-3.fc44	noarch
texlive-lwarp	svn78111-111.fc44	noarch
texlive-makecmds	svn77682-6.fc44	noarch
texlive-makeindex	svn75712-111.fc44	x86_64
texlive-makerobust	svn78101-6.fc44	noarch
texlive-manfnt-font	svn45777-8.fc44	noarch
texlive-marginnote	svn78632-6.fc44	noarch
texlive-marvosym	svn77682-8.fc44	noarch
texlive-mathpazo	svn77682-8.fc44	noarch
texlive-mathspec	svn77682-3.fc44	noarch
texlive-mathtools	svn78251-3.fc44	noarch
texlive-mdwtools	svn15878-3.fc44	noarch
texlive-memoir	svn77682-3.fc44	noarch
texlive-metafont	svn77830-111.fc44	x86_64
texlive-metalogo	svn77682-3.fc44	noarch
texlive-mflogo	svn77682-11.fc44	noarch
texlive-mflogo-font	svn54512-8.fc44	noarch
texlive-mfnfss	svn77682-4.fc44	noarch
texlive-mfware	svn77830-111.fc44	x86_64
texlive-microtype	svn78228-3.fc44	noarch
texlive-minitoc	svn77682-6.fc44	noarch
texlive-mnsymbol	svn18651-6.fc44	noarch
texlive-modes	svn77365-11.fc44	noarch
texlive-mparhack	svn77682-6.fc44	noarch
texlive-mptopdf	svn78010-111.fc44	noarch
texlive-multido	svn77682-4.fc44	noarch
texlive-natbib	svn77682-4.fc44	noarch
texlive-ncctools	svn51810-6.fc44	noarch
texlive-ncntrsbk	svn77161-8.fc44	noarch
texlive-newfloat	svn77682-3.fc44	noarch
texlive-notoccite	svn77682-6.fc44	noarch
texlive-ntgclass	svn77239-3.fc44	noarch
texlive-ntheorem	svn77682-6.fc44	noarch
texlive-oberdiek	svn78315-111.fc44	noarch
texlive-pagesel	svn77682-4.fc44	noarch
texlive-palatino	svn77161-8.fc44	noarch
texlive-paralist	svn77682-6.fc44	noarch
texlive-parallel	svn77682-7.fc44	noarch
texlive-parskip	svn77682-3.fc44	noarch
texlive-pdfcol	svn64469-6.fc44	noarch
texlive-pdfcolfoot	svn77682-3.fc44	noarch
texlive-pdfcolmk	svn78793-6.fc44	noarch
texlive-pdfescape	svn77682-4.fc44	noarch
texlive-pdflscape	svn77682-3.fc44	noarch
texlive-pdfmanagement	svn78778-4.fc44	noarch
texlive-pdfmanagement-testphase	svn77467-2.fc44	noarch
texlive-pdfpages	svn78558-3.fc44	noarch
texlive-pdftex	svn77868-111.fc44	x86_64
texlive-pdftexcmds	svn77682-4.fc44	noarch
texlive-pgf	svn78101-3.fc44	noarch
texlive-picture	svn78315-6.fc44	noarch
texlive-placeins	svn77682-6.fc44	noarch
texlive-plain	svn75712-11.fc44	noarch
texlive-polyglossia	svn78740-3.fc44	noarch
texlive-psfrag	svn15878-3.fc44	noarch
texlive-pslatex	svn67469-4.fc44	noarch
texlive-psnfss	svn77682-4.fc44	noarch
texlive-pspicture	svn15878-4.fc44	noarch
texlive-pst-3d	svn77682-2.fc44	noarch
texlive-pst-calculate	svn77682-2.fc44	noarch
texlive-pst-coil	svn77682-2.fc44	noarch
texlive-pst-eps	svn77682-2.fc44	noarch
texlive-pst-fill	svn77682-2.fc44	noarch
texlive-pst-grad	svn77682-2.fc44	noarch
texlive-pst-math	svn77682-2.fc44	noarch
texlive-pst-node	svn77682-2.fc44	noarch
texlive-pst-ovl	svn77682-2.fc44	noarch
texlive-pst-pdf	svn77682-111.fc44	noarch
texlive-pst-plot	svn77682-2.fc44	noarch
texlive-pst-text	svn77682-2.fc44	noarch
texlive-pst-tools	svn60621-2.fc44	noarch
texlive-pst-tree	svn77682-2.fc44	noarch
texlive-pstricks	svn78101-2.fc44	noarch
texlive-pstricks-add	svn77682-2.fc44	noarch
texlive-pxfonts	svn77682-8.fc44	noarch
texlive-ragged2e	svn77682-3.fc44	noarch
texlive-rcs	svn15878-3.fc44	noarch
texlive-realscripts	svn77682-6.fc44	noarch
texlive-refcount	svn77682-4.fc44	noarch
texlive-rerunfilecheck	svn77682-4.fc44	noarch
texlive-rsfs	svn15878-8.fc44	noarch
texlive-sansmath	svn77682-3.fc44	noarch
texlive-sansmathaccent	svn77682-6.fc44	noarch
texlive-sauerj	svn15878-6.fc44	noarch
texlive-scheme-basic	svn54191-2.fc44	noarch
texlive-section	svn20180-3.fc44	noarch
texlive-seminar	svn77682-3.fc44	noarch
texlive-sepnum	svn20186-3.fc44	noarch
texlive-setspace	svn77682-3.fc44	noarch
texlive-showexpl	svn77682-6.fc44	noarch
texlive-siunitx	svn78712-2.fc44	noarch
texlive-stringenc	svn77682-4.fc44	noarch
texlive-subfig	svn77682-3.fc44	noarch
texlive-symbol	svn77161-8.fc44	noarch
texlive-tagpdf	svn78799-4.fc44	noarch
texlive-tex	svn77830-111.fc44	x86_64
texlive-tex-gyre	svn68624-8.fc44	noarch
texlive-tex-gyre-math	svn41264-8.fc44	noarch
texlive-tex-ini-files	svn78524-11.fc44	noarch
texlive-texlive-common	svn78660-11.fc44	noarch
texlive-texlive-en	svn78030-111.fc44	noarch
texlive-texlive-msg-translations	svn78661-11.fc44	noarch
texlive-texlive-scripts	svn78361-111.fc44	noarch
texlive-texlive-scripts-extra	svn78162-111.fc44	noarch
texlive-texlive.infra	svn78313-111.fc44	noarch
texlive-textcase	svn77682-3.fc44	noarch
texlive-thumbpdf	svn62518-111.fc44	noarch
texlive-times	svn77161-8.fc44	noarch
texlive-tipa	svn77682-8.fc44	noarch
texlive-titlesec	svn77682-6.fc44	noarch
texlive-tools	svn76708-4.fc44	noarch
texlive-translator	svn77682-3.fc44	noarch
texlive-transparent	svn77682-6.fc44	noarch
texlive-trimspaces	svn77682-6.fc44	noarch
texlive-txfonts	svn77682-8.fc44	noarch
texlive-typehtml	svn17134-3.fc44	noarch
texlive-ucharcat	svn78415-3.fc44	noarch
texlive-ucs	svn78101-6.fc44	noarch
texlive-underscore	svn77682-3.fc44	noarch
texlive-unibidi-lua	svn78655-3.fc44	noarch
texlive-unicode-data	svn76413-11.fc44	noarch
texlive-unicode-math	svn78251-3.fc44	noarch
texlive-uniquecounter	svn77682-4.fc44	noarch
texlive-url	svn77682-4.fc44	noarch
texlive-utopia	svn77682-8.fc44	noarch
texlive-varwidth	svn77682-6.fc44	noarch
texlive-wasy	svn53533-8.fc44	noarch
texlive-wasy-type1	svn53534-8.fc44	noarch
texlive-wasysym	svn77682-8.fc44	noarch
texlive-xcolor	svn77682-3.fc44	noarch
texlive-xdvi	svn62387-111.fc44	x86_64
texlive-xetex	svn77830-111.fc44	x86_64
texlive-xetexconfig	svn45845-10.fc44	noarch
texlive-xfrac	svn77682-3.fc44	noarch
texlive-xifthen	svn77682-6.fc44	noarch
texlive-xkeyval	svn77682-3.fc44	noarch
texlive-xltxtra	svn77682-3.fc44	noarch
texlive-xpatch	svn77682-6.fc44	noarch
texlive-xstring	svn77682-6.fc44	noarch
texlive-xunicode	svn77682-3.fc44	noarch
texlive-xurl	svn77682-6.fc44	noarch
texlive-zapfchan	svn77161-8.fc44	noarch
texlive-zapfding	svn77161-8.fc44	noarch
texlive-zref	svn78317-6.fc44	noarch
thermald	2.5.9-3.fc44	x86_64
thrift	0.20.0-9.fc44	x86_64
time	1.9-28.fc44	x86_64
tinysparql	3.11.1-1.fc44	x86_64
tinyxml2	11.0.0-2.fc44	x86_64
tiwilink-firmware	20260519-1.fc44	noarch
tk	9.0.2-2.fc44	x86_64
tmux	3.6b-1.fc44	x86_64
toolbox	0.3-4.fc44	x86_64
totem-pl-parser	3.26.7-1.fc44	x86_64
tpm2-tools	5.7-5.fc44	x86_64
tpm2-tss	4.1.3-9.fc44	x86_64
tpm2-tss-fapi	4.1.3-9.fc44	x86_64
traceroute	2.1.6-4.fc44	x86_64
tree	2.2.1-4.fc44	x86_64
tree-sitter-cli	0.25.10-2.fc44	x86_64
tree-sitter-srpm-macros	0.4.2-2.fc44	noarch
tslib	1.24-2.fc44	x86_64
ttmkfdir	3.0.9-74.fc44	x86_64
tuned	2.27.0-1.fc44	noarch
tuned-ppd	2.27.0-1.fc44	noarch
twolame-libs	0.4.0-9.fc44	x86_64
tzdata	2026b-1.fc44	noarch
tzdata-java	2026b-1.fc44	noarch
uchardet	0.0.8-10.fc44	x86_64
udev-hid-bpf	2.2.0.20251121-4.fc44	x86_64
udev-hid-bpf-stable	2.2.0.20251121-4.fc44	x86_64
udftools	2.3-13.fc44	x86_64
udiskie	2.6.2-1.fc44	noarch
udisks2	2.11.1-2.fc44	x86_64
udisks2-btrfs	2.11.1-2.fc44	x86_64
udisks2-iscsi	2.11.1-2.fc44	x86_64
udisks2-lvm2	2.11.1-2.fc44	x86_64
unar	1.10.8-15.fc44	x86_64
unbound-anchor	1.25.1-1.fc44	x86_64
unbound-libs	1.25.1-1.fc44	x86_64
unibilium	2.1.2-5.fc44	x86_64
unicode-ucd	17.0.0-2.fc44	noarch
unity-gtk-module-common	0.0.0+17.04.20170403-24.fc44	noarch
unity-gtk3-module	0.0.0+17.04.20170403-24.fc44	x86_64
unixODBC	2.3.14-3.fc44	i686
unixODBC	2.3.14-3.fc44	x86_64
unzip	6.0-69.fc44	x86_64
upower	1.91.2-1.fc44	x86_64
upower-libs	1.91.2-1.fc44	x86_64
uresourced	0.5.4-5.fc44	x86_64
uriparser	1.0.2-1.fc44	x86_64
urw-base35-bookman-fonts	20200910-27.fc44	noarch
urw-base35-c059-fonts	20200910-27.fc44	noarch
urw-base35-d050000l-fonts	20200910-27.fc44	noarch
urw-base35-fonts	20200910-27.fc44	noarch
urw-base35-fonts-common	20200910-27.fc44	noarch
urw-base35-gothic-fonts	20200910-27.fc44	noarch
urw-base35-nimbus-mono-ps-fonts	20200910-27.fc44	noarch
urw-base35-nimbus-roman-fonts	20200910-27.fc44	noarch
urw-base35-nimbus-sans-fonts	20200910-27.fc44	noarch
urw-base35-p052-fonts	20200910-27.fc44	noarch
urw-base35-standard-symbols-ps-fonts	20200910-27.fc44	noarch
urw-base35-z003-fonts	20200910-27.fc44	noarch
usb_modeswitch	2.6.2-5.fc44	x86_64
usb_modeswitch-data	20191128-15.fc44	noarch
usbmuxd	1.1.1^20251205git3ded00c-1.fc44	x86_64
usbutils	019-2.fc44	x86_64
usermode	1.114-16.fc44	x86_64
userspace-rcu	0.15.6-1.fc44	x86_64
utf8proc	2.11.3-2.fc44	x86_64
util-linux	2.41.4-8.fc44	x86_64
util-linux-core	2.41.4-8.fc44	x86_64
valgrind	3.27.1-1.fc44	x86_64
valgrind-docs	3.27.1-1.fc44	x86_64
valgrind-gdb	3.27.1-1.fc44	x86_64
valgrind-scripts	3.27.1-1.fc44	x86_64
vazirmatn-vf-fonts	33.003-16.fc44	noarch
vid.stab	1.1.1-8.fc44	x86_64
vim-common	9.2.530-1.fc44	x86_64
vim-data	9.2.530-1.fc44	noarch
vim-enhanced	9.2.530-1.fc44	x86_64
vim-filesystem	9.2.530-1.fc44	noarch
vim-minimal	9.2.530-1.fc44	x86_64
virt-what	1.27-5.fc44	x86_64
virtualbox-guest-additions	7.2.8-1.fc44	x86_64
vlc	3.0.23-10.fc44	x86_64
vlc-cli	3.0.23-10.fc44	x86_64
vlc-gui-qt	3.0.23-10.fc44	x86_64
vlc-gui-skins2	3.0.23-10.fc44	x86_64
vlc-libs	3.0.23-10.fc44	x86_64
vlc-plugin-ffmpeg	3.0.23-10.fc44	x86_64
vlc-plugin-gstreamer	3.0.23-10.fc44	x86_64
vlc-plugin-kde	3.0.23-10.fc44	x86_64
vlc-plugin-lua	3.0.23-10.fc44	x86_64
vlc-plugin-notify	3.0.23-10.fc44	x86_64
vlc-plugin-pipewire	3-7.fc44	x86_64
vlc-plugin-pulseaudio	3.0.23-10.fc44	x86_64
vlc-plugin-visualization	3.0.23-10.fc44	x86_64
vlc-plugins-base	3.0.23-10.fc44	x86_64
vlc-plugins-extra	3.0.23-10.fc44	x86_64
vlc-plugins-freeworld	3.0.22-2.fc44	x86_64
vlc-plugins-video-out	3.0.23-10.fc44	x86_64
vmaf-models	3.0.0-5.fc44	noarch
vo-amrwbenc	0.1.3-24.fc44	x86_64
volume_key-libs	0.3.12-29.fc44	x86_64
vpnc	0.5.3^20241114.git11e15a1-4.fc44	x86_64
vpnc-script	20230907-7.git5b9e7e4c.fc44	noarch
vulkan-loader	1.4.341.0-1.fc44	i686
vulkan-loader	1.4.341.0-1.fc44	x86_64
vulkan-tools	1.4.341.0-1.fc44	x86_64
vvenc-libs	1.13.1-5.fc44	x86_64
wavpack	5.9.0-2.fc44	x86_64
waybar	0.15.0-1.fc44	x86_64
wayland-utils	1.3.0-3.fc44	x86_64
wcurl	2026.01.05-2.fc44	noarch
web-assets-filesystem	5-25.fc44	noarch
webrtc-audio-processing	2.1-5.fc44	i686
webrtc-audio-processing	2.1-5.fc44	x86_64
wezterm	20260605_101145_dab1816d-0	x86_64
wezterm-common	20260605_101145_dab1816d-0	x86_64
wezterm-gui	20260605_101145_dab1816d-0	x86_64
wezterm-mux-server	20260605_101145_dab1816d-0	x86_64
wget2	2.2.1-2.fc44	x86_64
wget2-libs	2.2.1-2.fc44	x86_64
wget2-wget	2.2.1-2.fc44	x86_64
which	2.25-1.fc44	x86_64
whois	5.6.6-1.fc44	x86_64
whois-nls	5.6.6-1.fc44	noarch
wildmidi-libs	0.4.6-6.fc44	x86_64
wine-filesystem	11.0-3.fc44	noarch
wireless-regdb	2026.05.30-1.fc44	noarch
wireplumber	0.5.14-1.fc44	x86_64
wireplumber-libs	0.5.14-1.fc44	x86_64
wl-clipboard	2.2.1^git20251124.e808203-2.fc44	x86_64
wlogout	1.2.2-5.fc44	x86_64
wmctrl	1.07-41.fc44	x86_64
wofi	1.5.3-2.fc44	x86_64
words	3.0-63.fc44	noarch
wpa_supplicant	2.11-9.fc44	x86_64
wsdd	0.8-6.fc44	noarch
x264-libs	0.165-5.20250608gitb35605ac.fc44	x86_64
x265-libs	4.1-4.fc44	x86_64
xapian-core-libs	1.4.30-2.fc44	x86_64
xcb-util	0.4.1-9.fc44	x86_64
xcb-util-cursor	0.1.6-2.fc44	x86_64
xcb-util-image	0.4.1-9.fc44	x86_64
xcb-util-keysyms	0.4.1-9.fc44	x86_64
xcb-util-renderutil	0.3.10-9.fc44	x86_64
xcb-util-wm	0.4.2-9.fc44	x86_64
xcb-util-xrm	1.3-17.fc44	x86_64
xdg-dbus-proxy	0.1.7-1.fc44	x86_64
xdg-desktop-portal	1.21.2-1.fc44	x86_64
xdg-desktop-portal-gtk	1.15.3-3.fc44	x86_64
xdg-desktop-portal-kde	6.6.5-1.fc44	x86_64
xdg-user-dirs	0.18-11.fc43	x86_64
xdg-utils	1.2.1-5.fc44	noarch
xdpyinfo	1.3.4-4.fc44	x86_64
xdriinfo	1.0.7-6.fc44	x86_64
xerces-c	3.3.0-9.fc44	x86_64
xev	1.2.6-12.fc44	x86_64
xevd-libs	0.5.0-6.fc44	x86_64
xeve-libs	0.5.1-6.fc44	x86_64
xfsprogs	7.0.1-2.fc44	x86_64
xhost	1.0.9-11.fc44	x86_64
xinput	1.6.4-6.fc44	x86_64
xkbcomp	1.5.0-2.fc44	x86_64
xkeyboard-config	2.47-1.fc44	noarch
xmessage	1.0.7-8.fc44	x86_64
xml-common	0.6.3-68.fc44	noarch
xmlrpc-c	1.60.04-5.fc44	x86_64
xmlrpc-c-client	1.60.04-5.fc44	x86_64
xmlsec1	1.2.41-4.fc44	x86_64
xmlsec1-openssl	1.2.41-4.fc44	x86_64
xmodmap	1.0.11-10.fc44	x86_64
xorg-x11-drv-libinput	1.5.0-4.fc44	x86_64
xorg-x11-drv-nvidia	595.71.05-1.fc44	x86_64
xorg-x11-drv-nvidia-cuda	595.71.05-1.fc44	x86_64
xorg-x11-drv-nvidia-cuda-libs	595.71.05-1.fc44	i686
xorg-x11-drv-nvidia-cuda-libs	595.71.05-1.fc44	x86_64
xorg-x11-drv-nvidia-kmodsrc	595.71.05-1.fc44	x86_64
xorg-x11-drv-nvidia-libs	595.71.05-1.fc44	i686
xorg-x11-drv-nvidia-libs	595.71.05-1.fc44	x86_64
xorg-x11-drv-nvidia-power	595.71.05-1.fc44	x86_64
xorg-x11-drv-nvidia-xorg-libs	595.71.05-1.fc44	x86_64
xorg-x11-fonts-Type1	7.5-42.fc44	noarch
xorg-x11-server-Xorg	21.1.23-1.fc44	x86_64
xorg-x11-server-Xwayland	24.1.12-1.fc44	x86_64
xorg-x11-server-common	21.1.23-1.fc44	x86_64
xorg-x11-xauth	1.1.5-1.fc44	x86_64
xorg-x11-xinit	1.4.3-4.fc44	x86_64
xpdf-libs	4.06-2.fc44	x86_64
xprop	1.2.8-5.fc44	x86_64
xrandr	1.5.3-4.fc44	x86_64
xrdb	1.2.2-7.fc44	x86_64
xsel	1.2.1-10.fc44	x86_64
xset	1.2.5-9.fc44	x86_64
xsetroot	1.1.3-4.fc44	x86_64
xsettingsd	1.0.2-13.fc44	x86_64
xvidcore	1.3.7-19.fc44	x86_64
xwaylandvideobridge	0.5.0-1.fc44	x86_64
xxd	9.2.530-1.fc44	x86_64
xxhash-libs	0.8.3-4.fc44	x86_64
xz	5.8.2-2.fc44	x86_64
xz-devel	5.8.2-2.fc44	x86_64
xz-libs	5.8.2-2.fc44	i686
xz-libs	5.8.2-2.fc44	x86_64
yajl	2.1.0-40.fc44	x86_64
yarnpkg	1.22.22-18.fc44	x86_64
yosys	0.65-1.20260512git90c26fe.fc44	x86_64
yosys-share	0.65-1.20260512git90c26fe.fc44	noarch
yosyshq-abc	0.65-1.20260512git5d51a5e.fc44	x86_64
yosyshq-abc-libs	0.65-1.20260512git5d51a5e.fc44	x86_64
yyjson	0.12.0-2.fc44	x86_64
zbar-libs	0.23.93-10.fc44	x86_64
zchunk-libs	1.5.1-4.fc44	x86_64
zenity	4.2.2-1.fc44	x86_64
zeromq	4.3.5-22.fc43	x86_64
zig-srpm-macros	1-8.fc44	noarch
zimg	3.0.6-3.fc44	x86_64
zip	3.0-45.fc44	x86_64
zix	0.8.0-2.fc44	x86_64
zlib-ng-compat	2.3.3-3.fc44	i686
zlib-ng-compat	2.3.3-3.fc44	x86_64
zlib-ng-compat-devel	2.3.3-3.fc44	x86_64
zoom	7.0.5.3034-1	x86_64
zopfli	1.0.3-15.fc44	x86_64
zram-generator	1.2.1-5.fc44	x86_64
zram-generator-defaults	1.2.1-5.fc44	noarch
zsh	5.9-20.fc44	x86_64
zstd	1.5.7-5.fc44	x86_64
zvbi	0.2.44-3.fc44	x86_64
zxing-cpp	2.2.1-6.fc44	x86_64
zziplib	0.13.78-4.fc44	x86_64
